title,synopsis,score,泣ける,笑える,楽しい,悲しい,ファンタジー,スペクタクル,ゴージャス,ロマンチック,不思議,パニック,不気味,恐怖,勇敢,知的,絶望的,切ない,セクシー,かわいい,かっこいい,コミカル
50回目のファーストキス,2004年製作のアダム・サンドラー、ドリュー・バリモア共演作『50回目のファースト・キス』を原案としたラブストーリー。新たな記憶を一夜で失ってしまう美女と、彼女に心奪われて何回もアプローチする青年の姿を描く。メガホンを取るのは『銀魂』などの福田雄一。ドラマシリーズ「勇者ヨシヒコと魔王の城」などで福田監督と組んできた山田孝之、『散歩する侵略者』などの長澤まさみが、主人公の男女を演じる。,3.76,12.303881090010002,18.57968620974,14.368290668870001,0.0,0.0,0.0,0.0,11.560693641619999,0.0,0.0,0.0,0.0,0.0,0.0,0.0,9.66143682907,0.0,0.0,0.0,10.73492981007
8番目の男,韓国で2008年に導入された国民参与裁判制度をテーマにした法廷サスペンス。メガホンを取ったホン・スンワン監督は、複数の判事と直接会うなど綿密なリサーチを重ね、類似した事件や裁判の判決文を参考に脚本を執筆した。 陪審員の一人をドラマ「SUITS/スーツ」などのパク・ヒョンシク、裁判官を『オアシス』などのムン・ソリが演じる。,3.67,0.0,0.0,0.0,10.0,0.0,0.0,0.0,0.0,10.0,10.0,10.0,0.0,10.0,10.0,0.0,0.0,0.0,0.0,0.0,0.0
CLIMAX クライマックス,『エンター・ザ・ボイド』『LOVE【3D】』などのギャスパー・ノエがメガホンを取った異色作。ドラッグの入った酒を飲んだダンサーたちがトランス状態に陥る。『キングスマン』などのソフィア・ブテラらが出演し、プロのダンサーたちが共演した。ダフト・パンクやザ・ローリング・ストーンズの楽曲が使用されている。,3.1,0.0,0.0,0.0,0.0,0.0,0.0,0.0,0.0,0.0,13.51351351351,10.81081081081,18.918918918920003,0.0,0.0,18.918918918920003,0.0,13.51351351351,0.0,10.81081081081,0.0
HELLO WORLD,『ソードアート・オンライン』シリーズなどの伊藤智彦が監督を務めたSFロマンス。未来で結ばれる相手が事故死すると聞かされた男子高校生が、その運命を変えようとする。ボイスキャストは『君は月夜に光り輝く』などの北村匠海、『孤狼の血』などの松坂桃李、『賭ケグルイ』シリーズなどの浜辺美波のほか福原遥、寿美菜子、釘宮理恵、子安武人ら。主題歌をOKAMOTO'S、Official髭男dism、Nulbarichが担当している。,3.52,8.11380400421,0.0,0.0,0.0,13.80400421496,7.903055848260001,0.0,8.53530031612,8.95679662803,0.0,0.0,0.0,0.0,0.0,0.0,0.0,0.0,8.53530031612,0.0,0.0
HiGH&LOW THE WORST,『HiGH&LOW』シリーズと人気コミック「クローズ」「WORST」がクロスオーバーしたアクション。『HiGH&LOW』シリーズのSWORD地区と「クローズ」「WORST」の戸亜留市を舞台に、猛者たちが激闘を繰り広げる。『HiGH&LOW』シリーズを手掛けてきた久保茂昭が監督を務め、川村壱馬、吉野北人ら THE RAMPAGE from EXILE TRIBE のメンバーをはじめ前田公輝、山田裕貴らが出演。「クローズ」「WORST」の原作者・高橋ヒロシが脚本に参加した。,3.82,10.745614035089998,12.5,16.88596491228,0.0,0.0,0.0,4.82456140351,0.0,0.0,0.0,0.0,0.0,12.280701754389998,0.0,0.0,0.0,0.0,0.0,20.61403508772,0.0
IT／イット,　S・キング原作によるTVムービーで、“IT”と呼ばれる何者かに付け狙われ恐怖に陥れられた男女数名の物語を、幼年期の前編と、約束の時を迎え再び再会した大人期の後編により構成。同じくキング原作の「スタンド・バイ・ミー」を彷彿させるようなストーリーとなっている。,3.07,0.0,0.0,0.0,0.0,0.0,0.0,0.0,0.0,6.29370629371,6.64335664336,19.93006993007,19.93006993007,10.139860139860001,0.0,6.29370629371,0.0,0.0,0.0,0.0,0.0
IT／イット THE END “それ”が見えたら、終わり。,作家スティーヴン・キングの原作を実写化したホラー『IT/イット “それ”が見えたら、終わり。』の続編。前作から27年後を舞台に、子供の命ばかりを狙うペニーワイズから逃げ延びた面々が新たな戦いを余儀なくされる。『MAMA』などのアンディ・ムスキエティ監督が続投するほか、ドラマシリーズ「ヘムロック・グローヴ」などのビル・スカルスガルドが再びペニーワイズを演じる。27年後のビルとベバリーに、『スプリット』などのジェームズ・マカヴォイ、『ゼロ・ダーク・サーティ』などのジェシカ・チャステインがふんした。,3.31,0.0,8.767471410419999,0.0,0.0,5.46378653113,0.0,0.0,0.0,0.0,7.75095298602,13.0876747141,13.3418043202,8.25921219822,0.0,0.0,0.0,0.0,0.0,0.0,0.0
IT／イット “それ”が見えたら、終わり。,1990年に映像化されたスティーヴン・キングのホラー小説を、『MAMA』で注目を浴びたアンディ・ムスキエティ監督が映画化。静かな田舎町に突如現れた正体不明の存在が、人々を恐怖に陥れるさまが描かれる。『ヴィンセントが教えてくれたこと』などのジェイデン・リーバハー、『シンプル・シモン』などのビル・スカルスガルドをはじめ、フィン・ウォルフハード、ソフィア・リリスらが出演。,3.37,0.0,0.0,0.0,0.0,0.0,0.0,0.0,0.0,5.70044709389,7.07898658718,14.64232488823,15.61102831595,11.251862891210001,0.0,5.4769001490299996,0.0,0.0,0.0,0.0,0.0
LIFE！/ライフ,凡庸で空想癖のある主人公が未知なる土地への旅を経て変化していくさまを、ベン・スティラー監督・主演で描くヒューマンドラマ。夢を諦め、写真雑誌の写真管理部で働く地味な中年男性が、ひょんなことからニューヨークをたち世界中を巡る旅を繰り広げる様子をファンタジックに映し出す。物語の鍵を握るカメラマン役で『ミルク』などのショーン・ペン、主人公の母親役で『愛と追憶の日々』などのシャーリー・マクレーンが共演。壮大なビジュアルや、主人公のたどる奇跡のような旅と人生に目頭が熱くなる。,3.82,0.0,12.439222042139999,15.59967585089,0.0,8.630470016210001,0.0,0.0,0.0,0.0,0.0,0.0,0.0,10.08914100486,0.0,0.0,0.0,0.0,0.0,9.643435980549999,8.50891410049
NO SMOKING,音楽家の細野晴臣に迫ったドキュメンタリー。幼少期の音楽との出会いから、はっぴいえんど、YMO(YELLOW MAGIC ORCHESTRA)、ソロ活動といった細野の歩んできた軌跡をたどる。さらに2018年から2019年にかけて開催されたライブの模様も映し出され、バンドメンバーのほか、音楽プロデューサーのヴァン・ダイク・パークス、小山田圭吾、YMOの坂本龍一と高橋幸宏らが出演している。,4.32,0.0,14.28571428571,28.571428571429998,0.0,0.0,0.0,0.0,0.0,0.0,0.0,0.0,0.0,0.0,14.28571428571,0.0,0.0,0.0,0.0,28.571428571429998,0.0
T-34 レジェンド・オブ・ウォー,『戦火のナージャ』などのニキータ・ミハルコフ監督が製作を務めた戦車アクション。ナチスドイツの捕虜収容所を舞台に、ソ連の捕虜兵たちがナチスに抵抗する姿を描く。『アトラクション 制圧』で共演したアレクサンドル・ペトロフとイリーナ・スタルシェンバウムらが出演。本物のソ連製戦車T-34を使用し、役者が自ら操縦した。,4.39,0.0,0.0,6.603773584909999,0.0,0.0,17.92452830189,0.0,0.0,0.0,5.66037735849,0.0,0.0,22.169811320749996,6.603773584909999,0.0,0.0,0.0,0.0,19.33962264151,0.0
あゝ、荒野　前篇,歌人、映画監督などマルチな才能を発揮した劇作家・寺山修司の小説を映画化。時代設定を近未来に変更し、社会に見捨てられた2人の男がボクシングを通じて出会い、奇妙な友情を育んでいくさまを描く。少年院に入り挫折を味わった新次を『共喰い』などの菅田将暉、吃音（きつおん）と赤面症に苦しむバリカンを『息もできない』などのヤン・イクチュンが演じる。メガホンを取るのは、菅田が出演した『二重生活』の岸善幸。,3.69,11.30434782609,7.53623188406,0.0,0.0,0.0,0.0,0.0,0.0,0.0,0.0,0.0,0.0,8.69565217391,0.0,0.0,18.260869565220002,7.826086956519999,0.0,13.91304347826,0.0
きっと、うまくいく, インドで製作された、真の友情や幸せな生き方や競争社会への風刺を描いたヒューマン・ストーリー。入学したインドのエリート大学で友人たちと青春を謳歌（おうか）していた主人公が突然姿を消した謎と理由を、10年という年月を交錯させながら解き明かしていく。主演は、ボリウッド映画の大スターであるアーミル・カーン。『ラ・ワン』のカリーナー・カプールがヒロインを務める。抱腹絶倒のユーモアとストレートな感動を味わうことができる。,4.31,14.53526697429,16.84245220831,16.94133157548,0.0,0.0,0.0,0.0,0.0,0.0,0.0,0.0,0.0,5.47132498352,5.80092287409,0.0,0.0,0.0,0.0,0.0,11.79960448253
きみに読む物語, 『メッセージ・イン・ア・ボトル』などで知られるニコラス・パークスのベストセラー小説を映画化。身分違いの純愛を貫く若き恋人同士の情熱的な愛と彼らの行く末がつづられる。監督は『シーズ・ソー・ラヴリー』のニック・カサヴェテス。出演は『16歳の合衆国』の若手トップスター、ライアン・ゴズリング、本作の演技で一躍注目を集めたレイチェル・マクアダムス、カサヴェテス監督の実母ジーナ・ローランズら。涙なしには見られない、珠玉のラブストーリー。,4.11,24.06692406692,0.0,3.4749034749,7.035607035610001,0.0,0.0,0.0,25.01072501073,0.0,0.0,0.0,0.0,0.0,0.0,0.0,20.72072072072,0.0,7.55040755041,0.0,0.0
こんな夜更けにバナナかよ　愛しき実話,『探偵はBARにいる』シリーズなどの大泉洋を主演に迎え、渡辺一史の著書「こんな夜更けにバナナかよ 筋ジス・鹿野靖明とボランティアたち」を映画化したドラマ。幼いころから難病で車椅子生活だった主人公の涙と笑いの日々を映し出す。医大生をドラマ「僕のいた時間」などの三浦春馬が演じ、ヒロインをドラマ「過保護のカホコ」などの高畑充希が好演。『猿ロック』シリーズなどの前田哲が監督を務め、ドラマ「ウォーターボーイズ」シリーズや『映画 ビリギャル』などの橋本裕志が脚本を担当している。,3.94,17.60435571688,18.96551724138,13.52087114338,4.9001814882,0.0,0.0,0.0,0.0,0.0,0.0,0.0,0.0,0.0,0.0,0.0,11.79673321234,0.0,0.0,0.0,11.52450090744
そこのみにて光輝く,『海炭市叙景』の原作者、佐藤泰志の三島由紀夫賞候補となった小説を基に、北海道函館を舞台に生きる場所のない男女の出会いを描くラブストーリー。仕事を失った男がバラックに住む女と出会い、家族のために必死な彼女をいちずに愛し続ける姿を描く。主演は、『シャニダールの花』などの綾野剛。主人公と惹（ひ）かれ合うヒロインを、池脇千鶴が演じる。メガホンを取るのは、『オカンの嫁入り』などの呉美保。美しい函館を背景につづられる、男女の愛の軌跡と人生の過程が心に突き刺さる。,4.02,12.040133779260001,0.0,0.0,19.509476031220004,0.0,0.0,0.0,5.016722408030001,0.0,0.0,0.0,0.0,0.0,0.0,15.83054626533,25.08361204013,6.8004459308800005,0.0,0.0,0.0
ときめきに死す,"　原作は、丸山健二の同名小説。脚本・監督を「家族ゲーム」の森田芳光が務めた。撮影は前田米造が担当。テロリストとの奇妙な共同生活をベースに展開するサスペンスドラマ。
　自称医者の大倉は、謎の組織からの命令で莫大な報酬と引き換えに、北海道の別荘に来た男・工藤の世話をするために雇われる。工藤は実は暗殺者であり、黙々とトレーニングに励み、酒タバコは一切やらない寡黙な男であった。また、組織の指令と思われるコンピューターが二人の男の特徴から「コヅエヒロミ」という若い女性を選出、彼女がやってきて、3人の共同生活が始まることに。ところが、次にコンピューターが叩き出した抹殺すべき人物は、なんと組織の長である谷川会長であった。",3.25,0.0,0.0,0.0,8.10810810811,0.0,0.0,0.0,0.0,16.21621621622,0.0,24.324324324320003,8.10810810811,0.0,0.0,10.81081081081,0.0,5.40540540541,0.0,0.0,0.0
ひとよ,劇作家・桑原裕子が主宰する劇団KAKUTAの代表作を実写映画化。ある事件で運命を狂わされた家族が再会し、絆を取り戻そうとする。『孤狼の血』などの白石和彌がメガホンを取り、『凶悪』などで白石監督と組んできた高橋泉が脚本を担当。3兄妹に『るろうに剣心』シリーズなどの佐藤健、NHKの大河ドラマ「西郷(せご)どん」などの鈴木亮平、『勝手にふるえてろ』などの松岡茉優、彼らの母親に『いつか読書する日』などの田中裕子がふんする。,3.94,18.23899371069,7.54716981132,0.0,13.83647798742,0.0,0.0,0.0,0.0,0.0,0.0,0.0,0.0,4.40251572327,4.40251572327,0.0,22.64150943396,0.0,0.0,0.0,0.0
ぼくは明日、昨日のきみとデートする,「学園とセカイと楽園（がくえん）」「君にさよならを言わない」などで知られる七月隆文の小説を基にした青春ラブロマンス。一目ぼれした女性と恋人同士になった美大生が、彼女の抱えている思いも寄らぬ秘密と向き合う姿を追い掛ける。メガホンを取るのは、『ホットロード』『アオハライド』などの三木孝浩。『ストロボ・エッジ』などの福士蒼汰、『近キョリ恋愛』などの小松菜奈が、主人公のカップルを好演する。爽やかで切ない物語や、舞台となる京都の美しい風景も見もの。,4.05,21.383866481220004,0.0,0.0,10.048678720449999,11.474269819189999,0.0,0.0,12.204450625869999,0.0,0.0,0.0,0.0,0.0,0.0,0.0,20.02781641168,0.0,9.38803894298,0.0,0.0
アップグレード,『パラノーマル・アクティビティ』『パージ』シリーズなどに携ってきたジェイソン・ブラムがプロデューサーを務めたSFアクション。謎の組織に妻を殺され全身まひになった男が復讐(ふくしゅう)に挑む。メガホンを取るのは『インシディアス 序章』などのリー・ワネル。『インビテーション』などのローガン・マーシャル=グリーンをはじめ、メラニー・ヴァレジョ、スティーブ・ダニエルセンらが出演する。,4.12,0.0,0.0,0.0,0.0,0.0,0.0,0.0,0.0,0.0,7.407407407410001,11.85185185185,10.370370370369999,0.0,8.14814814815,9.629629629630001,0.0,0.0,0.0,9.629629629630001,0.0
アトランティスのこころ,　写真家ボビーのもとに幼なじみの訃報が届く。生まれ故郷に戻ったボビーはそこで、過去の出来事を思い起こす。それは1960年の夏。11歳のボビーは友だちのキャロルとサリーの3人で楽しい毎日を過ごしていた。そんなある日、彼と母親が二人で住む家の二階に新しい下宿人テッドがやって来た。知的で物静かなその老人にはある不思議な力があった。父を早くになくしたボビーは、そんなテッドに特別な親しみを感じていく。しかし、テッドはその不思議な力のために謎の男たちから狙われていた。そして、男たちはすぐそこまで迫っていた……。,3.71,13.17365269461,0.0,0.0,6.58682634731,13.772455089820001,0.0,0.0,0.0,15.56886227545,0.0,0.0,0.0,0.0,0.0,0.0,19.76047904192,0.0,5.988023952100001,0.0,0.0
アメリカン・アサシン,『メイズ・ランナー』シリーズなどのディラン・オブライエンが、ヴィンス・フリンのベストセラー小説シリーズの主人公を演じるスパイアクション。無差別テロで恋人を亡くした青年が、報復のためにCIAのエージェントとなって核兵器テロに立ち向かう姿を、多彩なアクションを交えて活写する。共演は、マイケル・キートン、テイラー・キッチュら。メガホンを取ったのは、ドラマシリーズ「HOMELAND」などのマイケル・クエスタ。,3.49,0.0,0.0,0.0,0.0,0.0,9.21052631579,0.0,0.0,0.0,9.21052631579,0.0,7.23684210526,21.05263157895,0.0,7.23684210526,0.0,0.0,0.0,17.10526315789,0.0
アラジン,アニメ『アラジン』を実写化したファンタジー。青年アラジンと王女ジャスミンの身分違いの恋と、魔法のランプに関わる冒険が描かれる。監督は『シャーロック・ホームズ』シリーズなどのガイ・リッチー。メナ・マスードがアラジン、『パワーレンジャー』などのナオミ・スコットがジャスミン、『メン・イン・ブラック』シリーズや『幸せのちから』などのウィル・スミスがランプの魔人を演じる。,4.31,0.0,10.62992125984,14.222440944879999,0.0,13.4186351706,0.0,8.34973753281,10.33464566929,0.0,0.0,0.0,0.0,0.0,0.0,0.0,0.0,0.0,0.0,0.0,7.4311023622
イエスタデイ,自分以外はバンド「ザ・ビートルズ」を知らない状態になった青年の姿を描くコメディー。『スラムドッグ$ミリオネア』などのダニー・ボイルがメガホンを取り、『ラブ・アクチュアリー』などのリチャード・カーティスが脚本を手掛けた。青年をヒメーシュ・パテルが演じ、『シンデレラ』などのリリー・ジェームズ、『ゴーストバスターズ』などのケイト・マッキノンのほか、ミュージシャンのエド・シーランが出演する。,4.12,9.48406676783,14.871016691960001,18.58877086495,0.0,10.01517450683,0.0,0.0,11.001517450680002,0.0,0.0,0.0,0.0,0.0,0.0,0.0,0.0,0.0,0.0,0.0,10.3186646434
イニシエーション・ラブ,ベストセラーを記録した乾くるみの小説を実写化した、異色のラブストーリー。恋愛下手の大学生と歯科助手の出会いを描く「Side-A」、遠距離恋愛を経て彼らの関係が終わるさまを追う「Side-B」の2部構成でつづられる。監督は、『20世紀少年』シリーズなどの堤幸彦。主人公の男女を、『ライアーゲーム』シリーズなどの松田翔太と『もらとりあむタマ子』などの前田敦子が快演。ラスト5分でラブロマンスからミステリーに転じる作風に意表を突かれる。,3.4,0.0,12.945693911139998,15.35929786067,0.0,0.0,0.0,0.0,0.0,8.39275918815,0.0,0.0,0.0,0.0,0.0,0.0,8.502468458580001,0.0,13.987931980250002,0.0,10.09325287987
インターステラー,『ダークナイト』シリーズや『インセプション』などのクリストファー・ノーラン監督が放つSFドラマ。食糧不足や環境の変化によって人類滅亡が迫る中、それを回避するミッションに挑む男の姿を見つめていく。主演を務める『ダラス・バイヤーズクラブ』などのマシュー・マコノヒーを筆頭に、『レ・ミゼラブル』などのアン・ハサウェイ、『ゼロ・ダーク・サーティ』などのジェシカ・チャステインら演技派スターが結集する。深遠なテーマをはらんだ物語に加え、最先端VFXで壮大かつリアルに創造された宇宙空間の描写にも圧倒される。,4.22,11.14369501466,0.0,0.0,0.0,0.0,12.51666222341,0.0,0.0,9.06424953346,0.0,0.0,0.0,9.89069581445,10.01066382298,0.0,8.29112236737,0.0,0.0,0.0,0.0
インビクタス／負けざる者たち, ジョン・カーリン原作のノンフィクション小説を、『グラン・トリノ』のクリント・イーストウッド監督が映画化した感動のドラマ。反アパルトヘイト運動に尽力し、南アフリカ共和国大統領となったネルソン・マンデラと、同国のラグビー代表チームのキャプテンとの人種を越えた友情を描く。主演は『ダークナイト』のモーガン・フリーマンと、『インフォーマント！』のマット・デイモン。新旧の名優たちが熱演する実話を基にした物語に胸が震える。,4.13,20.49924357035,0.0,5.14372163389,0.0,0.0,0.0,0.0,0.0,0.0,0.0,0.0,0.0,25.75642965204,13.275340393339999,0.0,4.50075642965,0.0,0.0,19.7049924357,0.0
ウインド・リバー,『最後の追跡』などの脚本を手掛けてきたテイラー・シェリダンが監督と脚本を務めたサスペンス。ある事件を調べる女性FBI捜査官と地元のハンターが、思わぬ真相にたどり着く。『アベンジャーズ』シリーズなどのジェレミー・レナー、『マーサ、あるいはマーシー・メイ』などのエリザベス・オルセン、『スウィート・ヘル』などのジョン・バーンサルらが出演。『最後の追跡』で音楽を担当したニック・ケイヴ、ウォーレン・エリスが本作でも組んでいる。,3.96,0.0,0.0,0.0,15.73770491803,0.0,0.0,0.0,0.0,0.0,0.0,7.868852459019999,10.65573770492,11.967213114749999,0.0,11.967213114749999,16.39344262295,0.0,0.0,0.0,0.0
エージェント：ライアン,『レッド・オクトーバーを追え!』などの原作で知られる、トム・クランシーの人気小説「ジャック・ライアン」シリーズを新たに実写化したサスペンスアクション。投資銀行員という表向きの顔を持つCIA情報分析アナリストのジャック・ライアンが、世界恐慌勃発を狙う巨大な陰謀に立ち向かう。主演は『スター・トレック』シリーズのクリス・パイン。共演には、監督も務めるケネス・ブラナーに『プライドと偏見』などのキーラ・ナイトレイ、ベテランのケヴィン・コスナーと、実力派が結集する。,3.14,0.0,0.0,6.06694560669,0.0,0.0,8.36820083682,0.0,0.0,0.0,6.6945606694599995,0.0,0.0,22.59414225941,13.807531380750001,0.0,0.0,0.0,0.0,19.87447698745,0.0
カメラを止めるな！,監督・俳優養成の専門学校「ENBUゼミナール」のシネマプロジェクト第7弾となる異色ゾンビムービー。オムニバス『4/猫　－ねこぶんのよん－』の一作を担当した上田慎一郎が監督と脚本と編集を務めた。ゾンビ映画を撮っていたクルーが本物のゾンビに襲われる様子を、およそ37分に及ぶワンカットのサバイバルシーンを盛り込んで活写する。出演者は、オーディションで選ばれた無名の俳優たち。,4.06,0.0,23.02370086854,17.63580156043,0.0,0.0,0.0,0.0,0.0,0.0,8.037685853080001,6.4478139261,6.31532459885,0.0,0.0,0.0,0.0,0.0,0.0,0.0,14.500220815550001
ガリーボーイ,インドのヒップホップアーティスト、Naezyの軌跡をベースにしたヒューマンドラマ。スラムに生まれ育った青年がヒップホップと出会って希望を見いだす。メガホンを取るのは『慕情のアンソロジー』などのゾーヤー・アクタル。『パドマーワト 女神の誕生』などのランヴィール・シン、『スチューデント・オブ・ザ・イヤー 狙え!No.1!!』などのアーリヤー・バットらが出演する。,3.97,7.692307692310001,0.0,7.692307692310001,0.0,0.0,0.0,0.0,9.61538461538,0.0,0.0,0.0,0.0,13.46153846154,0.0,0.0,7.692307692310001,0.0,0.0,17.30769230769,0.0
キャビン, バカンスで大騒ぎする若者たちが恐怖に陥れられる定番の展開を、あえて覆すことに挑戦した異色のスリラー。出演は、『ハプニング』のクリステン・コノリーや『マイティ・ソー』のクリス・ヘムズワース、『扉をたたく人』のリチャード・ジェンキンスなど。『クローバーフィールド/HAKAISHA』の脚本を担当したドリュー・ゴダードが本作で監督デビューし、共同脚本に『アベンジャーズ』のジョス・ウェドン監督が名を連ねる。ホラーの王道から一転、モニタールームの存在が明かされて以後の怒どうの展開に目がくぎ付けになる。,3.29,0.0,11.60769708256,0.0,0.0,0.0,0.0,0.0,0.0,0.0,12.35257603973,10.800744878960002,12.78708876474,0.0,0.0,10.05586592179,0.0,0.0,0.0,0.0,7.13842333954
キング,『君の名前で僕を呼んで』などのティモテ・シャラメが、イングランド王ヘンリー5世を演じた歴史劇。シェイクスピアの戯曲を基に、父の死後王位を継承した王子が、国王として成長していく姿が描かれる。共演は『グッド・タイム』などのロバート・パティンソン、『プラネタリウム』などのリリー=ローズ・デップら。『アニマル・キングダム』などのデヴィッド・ミショッドがメガホンを取った。,4.23,0.0,0.0,0.0,0.0,0.0,40.0,0.0,0.0,0.0,0.0,0.0,20.0,0.0,0.0,0.0,0.0,0.0,0.0,20.0,0.0
キング・オブ・コメディ,　スターを夢見るコメディアンの卵デ・ニーロが人気コメディアンのルイスを誘拐、彼の命をタテにして一晩だけのTV出演を強要する。「タクシードライバー」のスコセッシ＝デ・ニーロコンビで、願望実現のために常軌を逸する男と現代社会に息づくささやかな狂気をリアルに描いた作品。,3.97,0.0,14.772727272729998,9.090909090910001,0.0,0.0,0.0,0.0,0.0,0.0,0.0,17.613636363639998,9.659090909089999,0.0,0.0,0.0,6.818181818180001,0.0,0.0,0.0,14.772727272729998
クロール ―凶暴領域―,ハリケーンの襲来でワニが入り込んだ家からの脱出劇を描くサバイバルスリラー。ホラーの巨匠サム・ライミが製作を務め、『ピラニア3D』などのアレクサンドル・アジャがメガホンを取った。『メイズ・ランナー』シリーズなどのカヤ・スコデラーリオが脱出を図るヒロイン、『メルキアデス・エストラーダの3度の埋葬』などのバリー・ペッパーがヒロインの父を演じる。,3.56,0.0,0.0,0.0,0.0,0.0,5.4878048780499995,0.0,0.0,0.0,18.90243902439,8.23170731707,19.51219512195,14.93902439024,0.0,13.71951219512,0.0,0.0,0.0,0.0,0.0
グリーンブック,黒人ピアニストと彼に雇われた白人の用心棒兼運転手が、黒人用旅行ガイド「グリーンブック」を手に人種差別が残るアメリカ南部を巡る人間ドラマ。『はじまりへの旅』などのヴィゴ・モーテンセンと、『ムーンライト』などのマハーシャラ・アリが共演。『メリーに首ったけ』などのピーター・ファレリーが監督を務めた。アカデミー賞の前哨戦の一つとされるトロント国際映画祭で、最高賞の観客賞を獲得した。,4.48,13.42791158034,15.0775321676,12.27317716925,0.0,0.0,0.0,0.0,0.0,0.0,0.0,0.0,0.0,8.87495875949,8.51204223029,0.0,10.75552622897,0.0,0.0,0.0,0.0
グレイテスト・ショーマン,19世紀に活躍した伝説のエンターテイナー、P・T・バーナムを『X-MEN』シリーズや『レ・ミゼラブル』などのヒュー・ジャックマンが演じるミュージカル。空想家の主人公が卓越したアイデアと野心で世界中を熱狂させるさまと、ロマンチックな愛の物語が描かれる。監督はマイケル・グレイシー。ミシェル・ウィリアムズやザック・エフロンらが共演。『ラ・ラ・ランド』で第89回アカデミー賞歌曲賞を受賞した、ベンジ・パセックとジャスティン・ポールが音楽を担当している。,4.28,11.7672168469,0.0,18.966989186110002,0.0,6.16107000569,0.0,12.67785998862,9.44792259533,0.0,0.0,0.0,0.0,0.0,0.0,0.0,0.0,0.0,0.0,12.26522481503,0.0
グレタ GRETA,ある女性と親しくなったヒロインが戦慄(せんりつ)の狂気に巻き込まれるサイコスリラー。メガホンを取ったのは『クライング・ゲーム』などのニール・ジョーダン。フランスを代表する女優イザベル・ユペールと『キック・アス』シリーズなどのクロエ・グレース・モレッツが主演を務め、『イット・フォローズ』などのマイカ・モンロー、ジョーダン監督作『インタビュー・ウィズ・ヴァンパイア』『マイケル・コリンズ』などに出演してきたスティーヴン・レイらが共演。,3.0,0.0,0.0,0.0,0.0,0.0,0.0,0.0,0.0,0.0,8.333333333330001,29.166666666670004,29.166666666670004,0.0,0.0,8.333333333330001,4.16666666667,0.0,4.16666666667,0.0,0.0
コピーキャット,　猟奇殺人に詳しい心理学者ヘレンは大学での講演後、カラムという青年にトイレで襲われる。辛くも一命を取り留めたものの、ヘレンはこの事件が契機となって“屋外恐怖症”になっていた。それから一年後、サンフランシスコ郊外では女性ばかりを狙った猟奇殺人が多発していた。事件を担当する女刑事モナハンは、自宅に閉じこもりっきりのヘレンに協力を要請。分析の結果、犯人は過去に起きた様々なシリアルキラーの手口を真似ている模倣犯（コピーキャット）だと断定される……。,3.15,0.0,0.0,0.0,4.83870967742,0.0,0.0,0.0,0.0,0.0,9.67741935484,24.1935483871,29.03225806452,9.67741935484,0.0,6.451612903230001,0.0,0.0,0.0,0.0,0.0
サニー／32,NGT48の北原里英が主演を務めたサスペンススリラー。殺人犯をサニーと呼んで神格化する男たちに拉致監禁された女性の物語を描く。メガホンを取るのは、『凶悪』などの白石和彌。これまでにも白石監督作品に出演してきたピエール瀧、『愛の渦』などの門脇麦、『パーフェクト・レボリューション』などのリリー・フランキーらが出演する。,2.48,0.0,7.964601769910001,0.0,0.0,0.0,0.0,0.0,0.0,6.19469026549,7.964601769910001,20.35398230088,12.38938053097,0.0,0.0,20.35398230088,0.0,0.0,0.0,0.0,0.0
ザ・ウォーカー, 世界が崩壊した近未来を舞台に、この世に一冊だけ残った本を運び、ひたすら西へと孤独に旅する男の姿を描くサスペンス・アクション。主人公イーライを演じるのは『クリムゾン・タイド』のデンゼル・ワシントン。本を探すもう一人の男を『ダークナイト』のゲイリー・オールドマンが演じる。イーライはなぜ旅するのか？　本には何が書かれているのか？　といった謎に満ちた展開と、その先に待ち受ける衝撃のラストに注目だ。,3.16,0.0,0.0,0.0,0.0,0.0,0.0,0.0,0.0,0.0,0.0,7.77777777778,0.0,16.66666666667,8.547008547010002,12.22222222222,6.75213675214,0.0,0.0,14.70085470085,0.0
シャイニング,　冬の間閉鎖されるホテルに、作家志望のジャック一家が管理人としてやってきた。そのホテルでは過去に、管理人が家族を惨殺するという事件が起こっていたのだが……。モダン・ホラーの帝王S・キングの同名原作を離れ、キューブリックが独自に造り上げたホラー。,3.94,0.0,0.0,0.0,0.0,0.0,0.0,0.0,0.0,7.8642384106,11.4238410596,21.6059602649,25.41390728477,0.0,3.4768211920499996,11.17549668874,0.0,0.0,0.0,0.0,0.0
ショーシャンクの空に,　妻とその愛人を射殺したかどでショーシャンク刑務所送りとなった銀行家アンディ。初めは戸惑っていたが、やがて彼は自ら持つ不思議な魅力ですさんだ受刑者達の心を掴んでゆく。そして20年の歳月が流れた時、彼は冤罪を晴らす重要な証拠をつかむのだが……。,4.53,17.21719457014,0.0,0.0,0.0,0.0,0.0,0.0,0.0,0.0,0.0,0.0,0.0,14.954751131220002,15.045248868779998,7.73755656109,10.15837104072,0.0,0.0,9.3665158371,0.0
ジェミニマン,『スーサイド・スクワッド』『アラジン』などのウィル・スミス主演によるSFアクション。若いころの自身のクローンに命を狙われる暗殺者が、陰謀に巻き込まれる。メガホンを取るのは『ライフ・オブ・パイ/トラと漂流した227日』などのアン・リー。『10 クローバーフィールド・レーン』などのメアリー・エリザベス・ウィンステッド、『クローサー』などのクライヴ・オーウェンらが共演。,3.44,0.0,0.0,9.23913043478,0.0,0.0,10.05434782609,0.0,0.0,5.70652173913,0.0,0.0,0.0,16.84782608696,0.0,0.0,7.0652173913,0.0,0.0,23.369565217389997,0.0
ジョン・ウィック,『マトリックス』シリーズなどのキアヌ・リーヴスがすご腕の元ヒットマンを演じたアクション。ロシアン・マフィアに平穏な日々を壊された元暗殺者が、壮絶な復讐（ふくしゅう）に乗り出していく。メガホンを取るのは、『マトリックス』シリーズなどのスタントを務めてきたチャド・スタエルスキ。『シャドウ・オブ・ヴァンパイア』などのウィレム・デフォー、『ヘラクレス』などのイアン・マクシェーンら、実力派が共演する。全編を貫くダークでスタイリッシュなビジュアルに加え、カンフーと銃撃戦を融合させた迫力のアクションも必見。,3.6,0.0,0.0,6.06060606061,4.9959049959,0.0,0.0,0.0,0.0,0.0,0.0,0.0,0.0,12.530712530710002,0.0,5.07780507781,8.271908271910002,0.0,0.0,26.69942669943,0.0
ジョン・ウィック：パラベラム,キアヌ・リーヴス演じる殺し屋ジョン・ウィックの復讐(ふくしゅう)劇を描くアクションシリーズの第3弾。追われる身となったジョンが、迫りくる暗殺集団との戦いに挑む。前2作のメガホンを取ったチャド・スタエルスキが続投。イアン・マクシェーン、ローレンス・フィッシュバーンらおなじみのキャストに加え、ジョンと因縁がある謎の女役で『チョコレート』などのハル・ベリーが参加している。,3.77,0.0,7.962213225369999,7.422402159239999,0.0,0.0,7.55735492578,6.20782726046,0.0,0.0,0.0,0.0,0.0,12.55060728745,0.0,0.0,0.0,0.0,0.0,20.10796221323,0.0
ジョーカー,『ザ・マスター』『ビューティフル・デイ』などのホアキン・フェニックスが、DCコミックスの悪役ジョーカーを演じたドラマ。大道芸人だった男が、さまざまな要因から巨悪に変貌する。『ハングオーバー』シリーズなどのトッド・フィリップスがメガホンを取り、オスカー俳優ロバート・デ・ニーロらが共演。『ザ・ファイター』などのスコット・シルヴァーがフィリップス監督と共に脚本を担当した。,4.06,6.98238241474,0.0,0.0,14.38500080815,0.0,0.0,0.0,0.0,0.0,0.0,13.86778729594,11.62114110231,0.0,0.0,15.17698399871,12.849523193789999,0.0,0.0,0.0,0.0
スイス・アーミー・マン,『ハリー・ポッター』シリーズなどのダニエル・ラドクリフが主人公である死体を演じ、『ラブ＆マーシー　終わらないメロディー』などのポール・ダノと共演した異色作。無人島で遭難した青年が、死体と共にサバイバルしてわが家を目指す型破りな冒険を活写する。ヒロインに『スマッシュド　～ケイトのアルコールライフ～』などのメアリー・エリザベス・ウィンステッド。生者と死者という不思議なコンビがたどるシュールな旅のてん末に注目。,3.25,0.0,16.66666666667,7.305936073060001,0.0,9.81735159817,0.0,0.0,0.0,11.87214611872,0.0,0.0,0.0,0.0,0.0,0.0,9.36073059361,0.0,0.0,0.0,9.81735159817
スノーホワイト／氷の王国,世界的に有名なグリム童話「白雪姫」をアレンジした『スノーホワイト』の続編。前作で白雪姫たちに滅ぼされたはずの邪悪な女王ラヴェンナの妹で、より強大な魔力を持つ氷の女王フレイヤが登場し、激しいバトルが展開する。ラヴェンナ女王役のシャーリーズ・セロン、エリック役のクリス・ヘムズワースが続投し、氷の女王役のエミリー・ブラント、女戦士役のジェシカ・チャステインらが新たに参加。前作にも携わったセドリック・ニコラス＝トロイアンがメガホンを取る。,3.15,0.0,0.0,0.0,0.0,18.918918918920003,0.0,8.31600831601,7.27650727651,0.0,0.0,0.0,0.0,7.692307692310001,0.0,0.0,6.444906444909999,0.0,0.0,7.692307692310001,0.0
スペシャルアクターズ,『カメラを止めるな!』がインディーズ映画としては空前のヒットを記録した上田慎一郎監督作。ある秘密を持つ売れない役者が、カルト集団と闘おうとする。上田監督が脚本、編集、宣伝プロデューサーを兼任。松竹ブロードキャスティングのオリジナル映画プロジェクト第7弾で、オーディションで選ばれた俳優たちが出演する。,3.54,7.590759075910001,19.141914191420003,18.481848184820002,0.0,0.0,0.0,0.0,0.0,3.9603960396,0.0,0.0,0.0,4.9504950495,0.0,0.0,0.0,0.0,0.0,0.0,15.181518151820002
スマホを落としただけなのに,文学賞「このミステリーがすごい!」 大賞で隠し玉作品に選ばれた志駕晃のサイバーミステリーを実写映画化。恋人がスマートフォンを紛失したことで、事件に巻き込まれる派遣社員の姿を描く。スマホの拾い主から監視され、追い詰められるヒロインに、『HERO』シリーズや『探偵はBARにいる3』などの北川景子。『リング』シリーズなどの中田秀夫監督がメガホンを取った。,3.17,0.0,5.03715937242,0.0,0.0,0.0,0.0,0.0,0.0,0.0,9.33113129645,22.047894302230002,20.56151940545,0.0,0.0,7.7621800165199994,5.36746490504,0.0,0.0,0.0,0.0
タクシードライバー,　ニューヨークの夜を走るひとりのタクシードライバーを主人公に、現代都市に潜む狂気と混乱を描き出した傑作。ベトナム帰りの青年トラヴィス・ビックルは夜の街をタクシーで流しながら、世界の不浄さに苛立ちを感じていた。大統領候補の選挙事務所に勤めるベッツィと親しくなるトラヴィスだったが、彼女をポルノ映画館に誘ったことで絶交されてしまう。やがて、闇ルートから銃を手に入れたトラヴィスは自己鍛錬を始めるが、そんな彼の胸中にひとつの計画が沸き上がる……。,3.99,0.0,0.0,0.0,7.22513089005,0.0,0.0,0.0,0.0,0.0,0.0,14.973821989529998,10.05235602094,0.0,0.0,13.298429319370001,14.031413612570002,0.0,0.0,11.62303664921,0.0
タリーと私の秘密の時間,『ヤング≒アダルト』のジェイソン・ライトマン監督と脚本のディアブロ・コディ、オスカー女優シャーリーズ・セロンが再び組んだ人間ドラマ。3人目の子供が誕生して心も体も限界に達したヒロインが、ベビーシッターとの交流を通して復活する姿を描く。魅力的なシッターを『ブレードランナー 2049』などのマッケンジー・デイヴィスが好演している。,3.67,10.795454545450001,0.0,0.0,7.3863636363600005,9.090909090910001,0.0,0.0,0.0,10.22727272727,0.0,0.0,0.0,0.0,5.681818181819999,0.0,17.04545454545,0.0,0.0,0.0,0.0
ターミネーター,　未来で繰り広げられている人類VS機械の果てしない闘い。機械軍は人類のリーダーであるジョン・コナーを歴史から消すべく1984年のロスへ冷徹無比の殺人機ターミネーターを送り込んだ。目的は、いずれジョンを産むことになるサラ・コナーの抹殺。平凡な女子学生であるサラの前に姿を見せる黒づくめの殺人機。だがその時、彼女を守るために一人の男が現れた。男の名はカイル・リース。ジョン・コナーの命を受け、未来からやって来た戦士であった。,4.44,0.0,0.0,0.0,0.0,0.0,0.0,0.0,0.0,0.0,7.48620961387,8.983451536639999,13.47517730496,13.00236406619,0.0,7.72261623325,0.0,0.0,0.0,10.7171000788,0.0
ターミネーター2,　前作で結ばれた、サラ・コナーと未来から来たカイル・リースとの間に出来た息子ジョンこそ、未来での機械との戦争で人類を導く指導者だった。そして、機械たちはジョンの暗殺を目論み、再び1994年ロサンゼルスにターミネーターを送り込んでくる。一方、来るべき未来の戦争を知る唯一の人間サラは、狂人扱いされ精神病院へ入れられていた。そんな中、未来から送られてきた2体のターミネーターがジョンに接触する。,4.55,10.34482758621,0.0,0.0,0.0,0.0,5.99905526689,0.0,0.0,0.0,0.0,0.0,8.17194142655,12.09258384506,0.0,0.0,7.368918280589999,0.0,0.0,15.25743977326,0.0
ターミネーター：ニュー・フェイト,SFアクション『ターミネーター2』の続編。未来のためにターミネーターに立ち向かう人々を待ち受ける運命を映し出す。ジェームズ・キャメロンが製作としてシリーズに復帰し、『デッドプール』などのティム・ミラーが監督を担当。『ターミネーター2』でT-800を演じたアーノルド・シュワルツェネッガーと、サラ・コナー役のリンダ・ハミルトンが再共演を果たす。,3.8,8.26173165896,0.0,0.0,0.0,0.0,8.98876404494,0.0,0.0,0.0,0.0,0.0,0.0,13.2848645076,0.0,7.402511566419999,7.2042300066100005,0.0,0.0,15.00330469266,0.0
ターミネーター：新起動／ジェニシス,大ヒットシリーズ『ターミネーター』に、『ターミネーター3』以来となるアーノルド・シュワルツェネッガーが戻ってきたSFアクション大作。将来人類反乱軍を率いることになる男の母親を闇に葬るため、未来から送り込まれた殺りくマシンことターミネーターと、同型の古いターミネーターの直接対決を描く。監督は『マイティ・ソー/ダーク・ワールド』などのアラン・テイラー。およそ12年ぶりに本シリーズに復帰したシュワルツェネッガーの熱演はもとより、新たな展開に息をのむ。,3.3,0.0,8.623969562460001,10.74825618263,0.0,0.0,11.28725428028,0.0,0.0,0.0,0.0,0.0,0.0,11.382371591630001,0.0,0.0,0.0,0.0,0.0,14.2041851617,5.04121750159
ダークナイト, 映画『バットマン ビギンズ』の続編で、バットマンの最凶最悪の宿敵であるジョーカーの登場で混乱に陥ったゴッサムシティを守るべく、再びバットマンが死闘を繰り広げるアクション大作。監督は前作から続投のクリストファー・ノーラン。またクリスチャン・ベイルも主人公、バットマンを再び演じる。そして敵役のジョーカーを演じるのは2008年1月に亡くなったヒース・レジャー。シリーズで初めてタイトルからバットマンを外し、新たな世界観を広げたダークな展開に目が離せない。,4.39,0.0,0.0,0.0,0.0,0.0,0.0,0.0,0.0,0.0,0.0,11.944102654249999,11.51344700299,9.39532431007,0.0,8.982246440499999,7.86605730357,0.0,0.0,12.11109158024,0.0
ダークナイト ライジング, 鬼才クリストファー・ノーラン監督が、『ダークナイト』に続いて放つアクション大作。8年間平和を保ってきたゴッサム・シティを狙うベインが出現し、再びダークナイト（バットマン）と激しい攻防を繰り広げる様子を映し出す。今回も主演のクリスチャン・ベイルをはじめ、マイケル・ケインやゲイリー・オールドマンらが続投。新キャストのアン・ハサウェイやトム・ハーディらと共に見せる、最終章にふさわしい壮絶なストーリー展開に熱狂する。,4.12,5.962889569450001,0.0,0.0,0.0,0.0,9.782021257430001,0.0,0.0,0.0,0.0,0.0,0.0,12.79048820032,0.0,7.458115654839999,6.052963430009999,0.0,0.0,14.05152224824,0.0
トイ・ストーリー4,人間とおもちゃの物語を描き大ヒットした『トイ・ストーリー』シリーズ第4弾。外の世界へ飛び出したおもちゃのフォーキーとウッディたちの冒険を描く。『インサイド・ヘッド』の脚本に参加したジョシュ・クーリーが監督を務め、吹替版のボイスキャストはウッディ役の唐沢寿明をはじめ、所ジョージ、日下由美、辻萬長らが続投する。,3.3,11.81713628522,11.01207590569,11.155836687750002,8.898792409430001,0.0,0.0,0.0,0.0,0.0,0.0,0.0,0.0,0.0,0.0,0.0,10.75330649799,0.0,7.1305347901100005,0.0,0.0
トスカーナの幸せレシピ,一流シェフとアスペルガー症候群の青年が料理を通して友情を育むドラマ。最初は投げやりだったシェフが、次第に若者たちと向き合う。出演は『ブルーノのしあわせガイド』などのヴィニーチョ・マルキオーニ、『ピューマ』などのルイジ・フェデーレ、『いつだってやめられる』シリーズなどのヴァレリア・ソラリーノら。監督をフランチェスコ・ファラスキが務め、脚本も担当した。,4.25,0.0,11.11111111111,11.11111111111,0.0,0.0,0.0,0.0,0.0,0.0,0.0,0.0,0.0,11.11111111111,0.0,0.0,16.66666666667,0.0,11.11111111111,11.11111111111,0.0
ドリームキャッチャー,　メイン州の小さな町に住む4人の少年、ジョンジー、ヘンリー、ピート、ビーバーはある日、風変わりな少年ダディッツを助ける。4人はその時、ダディッツから彼の持っている不思議な力を分け与えられ、以後その秘密を共有することで強い絆が結ばれる。20年後、大人になった4人にとってそのパワーは今では重荷として彼らにのしかかっていた。そんなある時、ジョンジーが交通事故で重症を負うが、奇跡的に一命を取り留める。やがて4人は北方の森にある狩猟小屋で再会を果たす。それは彼らにとって毎年恒例の楽しいイベントのはずだったが…。,2.85,0.0,7.9107505071,0.0,0.0,6.49087221095,0.0,0.0,0.0,11.764705882349999,10.75050709939,18.05273833671,12.37322515213,0.0,0.0,0.0,0.0,0.0,0.0,0.0,0.0
ナイト ミュージアム, 真夜中の自然史博物館を舞台に、そこで働く夜間警備員の男が体験する不可思議な現象を描いた爆笑コメディ。『ピンク・パンサー』のショーン・レヴィが監督を務め、魔法で次々と動き出す博物館の展示物を止めようとする主人公の奔走をテンポよく演出。夜間警備員に『ミート・ザ・ペアレンツ』のベン・スティラー、人形のアメリカ大統領セオドア・ルーズベルトにロビン・ウィリアムズがふんし、新旧実力派コメディアンが絶妙な掛け合いを見せる。恐竜が闊歩し、かつての英雄たちが動き出す映像も必見。,3.8,0.0,20.28949338657,20.73870726229,0.0,14.824057898679998,0.0,0.0,0.0,7.16246568505,0.0,0.0,0.0,4.492138757169999,0.0,0.0,0.0,0.0,0.0,0.0,13.601197903669998
ナイト ミュージアム／エジプト王の秘密,夜になると博物館の展示物が動き出す『ナイト　ミュージアム』シリーズ最終章。展示物に命を吹き込むエジプト王の石板の魔力が消えかかる危機を回避すべく、ニューヨーク自然史博物館からロンドンの大英博物館へ乗り込んだ夜警のラリーと仲間たちが大騒動を繰り広げる。主演のベン・スティラー、ロビン・ウィリアムズ、オーウェン・ウィルソンらおなじみの顔ぶれに加え、オスカー俳優のベン・キングズレー、テレビドラマ「ダウントン・アビー」シリーズなどのダン・スティーヴンスらが新たに登場。,3.54,5.49019607843,17.385620915029996,18.30065359477,0.0,13.85620915033,0.0,0.0,0.0,0.0,0.0,0.0,0.0,4.3137254901999995,0.0,0.0,0.0,0.0,0.0,0.0,13.20261437908
ハミングバード,戦場で犯した罪を背負い身を潜めて生きてきた元特殊部隊の男が、ある出来事を機に復讐（ふくしゅう）の鬼と化していくクライムアクション。イギリス社会の暗部に迫る緊迫感あふれるストーリーを構築したのは、『イースタン・プロミス』などの脚本家で本作が初監督作となるスティーヴン・ナイト。『トランスポーター』シリーズなどで絶大な人気を誇るジェイソン・ステイサムがスタントなしで肉弾アクションを繰り広げるほか、過去にとらわれた主人公の苦悩を体現する。,3.12,0.0,0.0,0.0,12.93103448276,0.0,0.0,0.0,6.896551724139999,0.0,0.0,0.0,0.0,11.20689655172,0.0,6.03448275862,24.56896551724,0.0,0.0,18.10344827586,0.0
ハード・コア,狩撫麻礼といましろたかしによるコミック「ハード・コア 平成地獄ブラザーズ」を、山田孝之主演・プロデュースで映画化。都会の片隅で不器用に生きるはみ出し者の主人公とエリートの弟、主人公の心優しい友人が、1体の古いロボットを発見したことから人生が一変させる様子を映し出す。主人公の弟を佐藤健、主人公の友人を荒川良々が演じる。『映画 山田孝之 3D』などで山田と組んできた山下敦弘監督がメガホンを取り、『もらとりあむタマ子』などの向井康介が脚本を担当。,3.25,0.0,14.942528735629999,0.0,0.0,14.367816091949999,0.0,0.0,0.0,8.045977011489999,0.0,0.0,0.0,0.0,0.0,0.0,9.77011494253,7.471264367819999,0.0,0.0,9.19540229885
バレット, シルヴェスター・スタローンが、『ストリート・オブ・ファイヤー』や『48時間』シリーズのウォルター・ヒル監督とタッグを組んだアクション。相棒の復讐（ふくしゅう）に燃える殺しのプロフェッショナルが、それを成し遂げようと若き熱血刑事と共に壮絶な戦いを繰り広げていく。スタローンがタトゥーで覆われた屈強なボディーを披露しながら、重厚感あふれる肉弾戦や銃撃戦を披露。『ワイルド・スピード』シリーズのサン・カン、『ソルジャーズ・アイランド』などのクリスチャン・スレイターら、実力派俳優が脇を固めている。,3.23,0.0,5.485232067509999,4.64135021097,0.0,0.0,5.485232067509999,0.0,0.0,0.0,0.0,0.0,0.0,20.25316455696,0.0,0.0,0.0,8.86075949367,0.0,24.05063291139,0.0
バードマン　あるいは（無知がもたらす予期せぬ奇跡）,『バベル』などのアレハンドロ・G・イニャリトゥが監督を務め、落ち目の俳優が現実と幻想のはざまで追い込まれるさまを描いたブラックコメディー。人気の落ちた俳優が、ブロードウェイの舞台で復活しようとする中で、不運と精神的なダメージを重ねていく姿を映す。ヒーロー映画の元主演俳優役に『バットマン』シリーズなどのマイケル・キートンがふんするほか、エドワード・ノートンやエマ・ストーン、ナオミ・ワッツらが共演。不条理なストーリーと独特の世界観、まるでワンカットで撮影されたかのようなカメラワークにも注目。,3.36,0.0,10.98081023454,0.0,0.0,7.99573560768,0.0,0.0,0.0,12.899786780380001,0.0,0.0,0.0,0.0,7.5692963752699995,0.0,11.30063965885,0.0,0.0,0.0,9.434968017060001
パーフェクト ワールド,　63年テキサスを舞台に、犯罪者と幼い少年の心の絆を描いたヒューマン・ドラマ。刑務所を脱走したブッチと相棒は、フィリップという八歳の少年を人質にとって逃避行をつづけていた。だが相棒が少年をレイプしようとしたとたん、ブッチは相棒を射殺してしまう。それ以来フィリップは、死んだ父の姿をブッチに重ねて見るのだった……。イーストウッドとコスナーの顔合わせが話題を呼んだ一作。,4.15,21.562809099899997,0.0,0.0,14.737883283879997,0.0,0.0,0.0,0.0,0.0,0.0,0.0,0.0,4.84668644906,0.0,0.0,21.266073194860002,0.0,6.42927794263,9.59446092977,0.0
ピーチガール,第23回講談社漫画賞を受賞した上田美和の人気コミックを実写映画化。ギャル風な見た目から誤解されやすい女子高生ももと、彼女が中学時代からずっと好きなとーじ、ももに興味を抱く学校一の人気者の浬、ももの気に入ったものを欲しがる小悪魔女子・沙絵が織り成す恋愛模様を描く。ももを『少女』などの山本美月、浬を Hey! Say! JUMP の伊野尾慧、ももの友達で宿敵でもある沙絵を『俺物語!!』などの永野芽郁が演じる。監督は、『モテキ』『バクマン。』などに携ってきた神徳幸治。,3.1,8.856088560889999,15.86715867159,14.575645756460002,0.0,0.0,0.0,0.0,7.380073800739999,0.0,0.0,0.0,0.0,0.0,0.0,0.0,0.0,0.0,17.343173431729998,0.0,11.25461254613
ファースト・マン,『ラ・ラ・ランド』のデイミアン・チャゼル監督とライアン・ゴズリングが再び組んだ伝記ドラマ。人類初の月面着陸に成功したアポロ11号の船長ニール・アームストロングの人生を描く。ジェイムズ・R・ハンセンの著書を『スポットライト 世紀のスクープ』などのジョシュ・シンガーが脚色した。共演は『蜘蛛の巣を払う女』などのクレア・フォイ、『ゼロ・ダーク・サーティ』のジェイソン・クラークとカイル・チャンドラーら。,3.81,8.19348469891,0.0,0.0,0.0,0.0,12.53701875617,0.0,0.0,0.0,0.0,0.0,7.798617966439999,17.47285291214,9.97038499506,0.0,11.253701875620001,0.0,0.0,0.0,0.0
フッド：ザ・ビギニング,レオナルド・ディカプリオが製作に名を連ねた、ロビン・フッドを題材にしたアクションアドベンチャー。領主であるロビンが頭巾で顔を隠したヒーローとなり、巨悪に立ち向かう。オットー・バサーストがメガホンを取り、『キングスマン』シリーズなどのタロン・エジャトン、『ジャンゴ 繋がれざる者』などのジェイミー・フォックスらが共演。エガートン演じるロビンが、飛び降りながら次々と弓矢を放つ。,3.61,0.0,0.0,9.146341463410002,0.0,6.707317073169999,13.414634146339997,3.0487804877999998,0.0,0.0,0.0,0.0,0.0,20.12195121951,0.0,0.0,0.0,0.0,0.0,19.51219512195,0.0
ブラック校則,実写化もされた漫画「セトウツミ」の作者・此元和津也が脚本を手掛け、Sexy Zone の佐藤勝利と King & Prince の高橋海人が共演する青春ストーリー。佐藤と高橋が演じる男子高校生が、ブラック校則に立ち向かう。監督を、ドラマ「トドメの接吻(キス)」や『いちごの唄』などの菅原伸太郎が務める。,4.17,17.33333333333,19.238095238099998,14.09523809524,0.0,0.0,0.0,0.0,0.0,0.0,0.0,0.0,0.0,12.7619047619,0.0,0.0,0.0,0.0,0.0,10.47619047619,7.61904761905
ブロークンシティ, 『テッド』などのマーク・ウォールバーグと『グラディエーター』などのラッセル・クロウ共演によるクライムサスペンス。ニューヨーク市長から妻の浮気調査を頼まれた私立探偵が、それをきっかけに欲望にまみれた汚職事件に巻き込まれていく姿を追い掛ける。メガホンを取るのは、『フロム・ヘル』『ザ・ウォーカー』のアレン・ヒューズ。『シカゴ』などのキャサリン・ゼタ・ジョーンズが、物語の鍵を握る市長の妻役で共演する。先読み不可能なストーリーはもとより、実力派たちが繰り出す演技合戦にも注目。,3.04,0.0,0.0,0.0,0.0,0.0,0.0,0.0,0.0,0.0,0.0,8.43373493976,6.02409638554,18.07228915663,14.457831325299999,0.0,9.638554216869998,0.0,0.0,14.457831325299999,0.0
プラダを着た悪魔, ローレン・ワイズバーガーの同名のベストセラー小説を映画化した、ハートウォーミングな女性映画。ゴージャスなファッション業界誌の舞台裏をコミカルにみせる。カリスマ編集長を貫禄たっぷりに演じたのは『クライシス・オブ・アメリカ』のメリル・ストリープ。助手役の『ブロークバック・マウンテン』のアン・ハサウェイと大物女優のやり取りもスリリングだ。続々と登場する一流ブランドのファッションや着こなしも必見。,4.1,0.0,7.3927018339999995,16.39251276234,0.0,0.0,0.0,17.262242389870003,0.0,0.0,0.0,0.0,0.0,0.0,0.0,0.0,0.0,6.749858196259999,16.505955757229998,11.9304216298,0.0
ベイビー・ドライバー,『ワールズ・エンド　酔っぱらいが世界を救う！』などのエドガー・ライト監督のクライムアクション。音楽に乗って天才的なドライビングテクニックを発揮する、犯罪組織の逃がし屋の活躍を描く。『ダイバージェント』シリーズなどのアンセル・エルゴート、テレビシリーズ「ハウス・オブ・カード　野望の階段」などのケヴィン・スペイシー、『Ray/レイ』などのジェイミー・フォックスらが出演。主人公のユニークなキャラクター、迫力満点のカーアクションに注目。,4.02,0.0,5.5841293166799995,13.739897134460001,0.0,0.0,0.0,0.0,8.74357090375,0.0,0.0,0.0,0.0,9.25789860397,0.0,0.0,5.65760470242,0.0,0.0,18.07494489346,0.0
ペイ・ザ・ゴースト　ハロウィンの生贄,ハロウィンの夜に謎の言葉を残して失踪した息子を捜すため、悪霊に立ち向かう父親の奔走を描くホラー。『バーダー・マインホフ　理想の果てに』などのウーリー・エデル監督がメガホンを取り、ティム・レボンの短編小説を映画化。息子を捜すうちにハロウィンにまつわる恐るべき真相にたどり着く主人公をニコラス・ケイジが演じるほか、テレビシリーズ「ウォーキング・デッド」などのサラ・ウェイン・キャリーズ、『クリムト』などのヴェロニカ・フェレらが共演する。,3.06,0.0,0.0,0.0,7.1428571428600005,0.0,0.0,0.0,0.0,10.71428571429,0.0,19.04761904762,13.09523809524,9.52380952381,0.0,10.71428571429,0.0,0.0,0.0,0.0,0.0
ホテル・ムンバイ,『LION/ライオン ~25年目のただいま~』などのデヴ・パテルを主演に迎え、2008年にインドのムンバイで起きたテロ事件を題材にしたドラマ。高級ホテルに監禁された宿泊客を救おうと奔走した従業員たちの姿を映し出す。本作で長編デビューしたアンソニー・マラスが監督を務め、『君の名前で僕を呼んで』などのアーミー・ハマーがアメリカ人旅行者を演じた。,4.44,8.83919062833,0.0,0.0,11.07561235357,0.0,0.0,0.0,0.0,0.0,14.057507987220001,0.0,18.42385516507,13.525026624070001,0.0,15.01597444089,0.0,0.0,0.0,0.0,0.0
ボヘミアン・ラプソディ,「伝説のチャンピオン」「ウィ・ウィル・ロック・ユー」といった数々の名曲で知られるロックバンド、クイーンのボーカル、フレディ・マーキュリーの伝記ドラマ。華々しい軌跡の裏の知られざる真実を映す。『X-MEN』シリーズなどのブライアン・シンガーが監督を務めた。ドラマシリーズ「MR. ROBOT/ミスター・ロボット」などのラミ・マレック、『ジュラシック・パーク』シリーズなどのジョー・マッゼロらが出演。フレディにふんしたラミが熱演を見せる。,4.53,19.77473065622,0.0,10.11753183154,5.29872673849,0.0,0.0,7.943192948089999,0.0,0.0,0.0,0.0,0.0,0.0,0.0,0.0,14.201762977470002,0.0,0.0,19.138099902060002,0.0
ボーダー,　テキサス州エルパソを舞台に、メキシコからの密入国者の実態と国境警備隊の腐敗を描いた社会派サスペンス。ニコルソン扮する警備隊員に浪費癖の妻と貧しいメキシコ人女性を絡ませたり、私腹を肥す同僚たちを登場させるなど、貧富や正義の喪失といったアメリカの抱えている問題に迫った脚本は興味深い。,3.28,0.0,0.0,0.0,8.58208955224,0.0,0.0,7.0895522388100005,0.0,0.0,0.0,0.0,0.0,12.68656716418,0.0,6.71641791045,15.29850746269,0.0,0.0,20.5223880597,0.0
ボーダー,　テキサス州エルパソを舞台に、メキシコからの密入国者の実態と国境警備隊の腐敗を描いた社会派サスペンス。ニコルソン扮する警備隊員に浪費癖の妻と貧しいメキシコ人女性を絡ませたり、私腹を肥す同僚たちを登場させるなど、貧富や正義の喪失といったアメリカの抱えている問題に迫った脚本は興味深い。,3.28,0.0,0.0,0.0,0.0,0.0,0.0,0.0,0.0,0.0,0.0,0.0,0.0,0.0,0.0,0.0,0.0,0.0,0.0,0.0,0.0
ボーダー 二つの世界,第71回カンヌ国際映画祭「ある視点部門」でグランプリを受賞したミステリー。驚異的な嗅覚を持つ孤独な女性が、生活が一変する事件に巻き込まれる。監督のアリ・アッバシが、『ぼくのエリ 200歳の少女』の原作者ヨン・アイヴィデ・リンドクヴィストの著作を基にして、リンドクヴィストと共に脚本を手掛けた。出演はエヴァ・メランデル、エーロ・ミロノフら。,3.59,0.0,0.0,0.0,9.166666666669999,13.33333333333,0.0,0.0,0.0,10.0,0.0,18.33333333333,11.66666666667,0.0,0.0,0.0,15.0,0.0,0.0,0.0,0.0
マイ・インターン,ロバート・デ・ニーロとアン・ハサウェイというオスカー俳優が共演を果たしたヒューマンドラマ。年齢・性別・地位も違う男女が出会い、徐々に友情を育んでいく過程を描く。メガホンを取るのは『ハート・オブ・ウーマン』『恋するベーカリー』などで知られるナンシー・マイヤーズ監督。高級ブランドからカジュアルスタイルまで網羅したファッションはもとより、女性にエールを送る物語に夢中になる。,4.12,9.15287244401,14.767932489449999,18.500486854920002,0.0,0.0,0.0,0.0,0.0,0.0,0.0,0.0,0.0,0.0,0.0,0.0,0.0,0.0,12.20382992535,10.87309315157,9.5423563778
マイ・ビューティフル・デイズ,『君の名前で僕を呼んで』『ビューティフル・ボーイ』などのティモシー・シャラメが主演を務めたヒューマンドラマ。心を病む主人公と、ひそかに思いを寄せる英語教師や仲間たちとの交流が描かれる。教師をドラマ「アメリカン・ホラー・ストーリー」シリーズなどのリリー・レーブ、同級生をドラマシリーズ「リバーデイル」などのリリ・ラインハートが演じ、ジュリア・ハートがメガホンを取った。,3.67,0.0,0.0,0.0,0.0,0.0,0.0,0.0,0.0,0.0,0.0,0.0,0.0,0.0,0.0,0.0,42.857142857140005,0.0,28.571428571429998,0.0,14.28571428571
マスカレード・ホテル,東野圭吾の小説「マスカレード」シリーズ第1弾「マスカレード・ホテル」を実写化したミステリー。連続殺人事件の新たな現場になるとされたホテルを舞台に、エリート刑事とホテルの従業員が犯人を追う。主演は『HERO』シリーズや『武士の一分(いちぶん)』などの木村拓哉、バディ役は『散歩する侵略者』などの長澤まさみ。『HERO』シリーズで木村と組んだ鈴木雅之がメガホンを取る。,3.96,0.0,7.778969957080001,16.040772532189997,0.0,0.0,0.0,14.4313304721,0.0,0.0,0.0,0.0,0.0,0.0,8.31545064378,0.0,0.0,0.0,0.0,15.23605150215,5.686695278969999
マチネの終わりに,芥川賞作家・平野啓一郎の小説を原作にした恋愛ドラマ。日本、パリ、ニューヨークを舞台に、共に40代の男女が惹(ひ)かれ合う姿を描く。『そして父になる』などの福山雅治と『北の零年』などの石田ゆり子らが出演。メガホンを取るのは、福山が出演したドラマシリーズ「ガリレオ」や『容疑者Xの献身』などの西谷弘。,3.95,16.17161716172,0.0,0.0,8.745874587460001,0.0,0.0,0.0,20.132013201320003,0.0,0.0,0.0,0.0,0.0,8.41584158416,0.0,24.58745874587,0.0,0.0,6.60066006601,0.0
マレフィセント,ディズニーアニメ『眠れる森の美女』ではオーロラ姫に呪いをかけた悪役だった、邪悪な妖精マレフィセントを主人公とするダークファンタジー。マレフィセントをアンジェリーナ・ジョリーが演じ、彼女の封印された過去とオーロラ姫を永遠の眠りにつかせる呪いをかけた理由が明かされる。監督は、『アバター』などのプロダクションデザインを手掛けたロバート・ストロンバーグ。エル・ファニングやアンジーの娘ヴィヴィアン・ジョリー=ピットが共演。おとぎの国のごとく幻想的で美しく、一方でダークな映像世界に期待できる。,3.5,7.3394495412800005,0.0,6.0338743825,0.0,21.630204657729998,0.0,0.0,0.0,5.71630204658,0.0,0.0,0.0,0.0,0.0,0.0,9.35074100212,0.0,7.5511644319,0.0,0.0
マレフィセント2,アンジェリーナ・ジョリーふんする、『眠れる森の美女』のオーロラ姫に呪いをかけたマレフィセントが主人公のダークファンタジーの続編。前作の数年後を舞台に、オーロラ姫と暮らすマレフィセントに忍び寄る敵や、新たな呪いをめぐる物語が描かれる。アンジーとオーロラ姫役のエル・ファニングが再び共演するほか、『ラブ・フィールド』などのミシェル・ファイファーらが出演。監督は『パイレーツ・オブ・カリビアン/最後の海賊』などのヨアヒム・ローニングが務める。,3.82,8.23373173971,0.0,7.30411686587,0.0,18.326693227089997,0.0,6.90571049137,0.0,0.0,0.0,0.0,0.0,0.0,0.0,0.0,0.0,0.0,6.90571049137,7.30411686587,0.0
ミスター・ガラス,『シックス・センス』などのM・ナイト・シャマラン監督が、『アンブレイカブル』の後日譚(たん)を描いたサスペンスドラマ。自分をスーパーヒーローと信じて疑わない3人の男性が集められ、禁断の研究が始まる。『ダイ・ハード』シリーズなどのブルース・ウィリス、『アベンジャーズ』シリーズなどのサミュエル・L・ジャクソン、『スプリット』などのジェームズ・マカヴォイらが共演。,3.42,0.0,0.0,0.0,0.0,0.0,0.0,0.0,0.0,11.32075471698,0.0,13.207547169809999,6.2893081761000005,0.0,7.075471698110001,0.0,11.32075471698,0.0,0.0,6.1320754716999994,0.0
ミスミソウ,「ハイスコアガール」などの漫画家・押切蓮介のコミックを実写映画化。閉鎖的な田舎に転校していじめの標的になった少女の運命を描く。主演は『咲-Saki-』などの山田杏奈、彼女が唯一心を許せるクラスメートに『ちはやふる』シリーズなどの清水尋也がふんするほか、大塚れな、中田青渚、片岡礼子、寺田農らが共演。『ライチ☆光クラブ』などの内藤瑛亮がメガホンを取った。,3.52,6.40569395018,0.0,0.0,12.09964412811,0.0,0.0,0.0,0.0,0.0,0.0,13.16725978648,15.3024911032,0.0,0.0,16.37010676157,11.03202846975,0.0,0.0,0.0,0.0
レオン,　「ニキータ」のリュック・ベッソンが初めてアメリカで製作したバイオレンス・アクション。ニューヨークを舞台に、凄腕の殺し屋レオンと12歳の少女マチルダの純愛と戦いを描く。大都会の片隅で出会った孤独なふたりの葛藤と壮絶なアクション・シーンがほどよくブレンドされた佳作だが、その功績は朴訥だが頼もしいJ・レノと繊細でいてたくましいN・ポートマンの二人の魅力に負うところが大きい。,4.47,14.442231075699999,0.0,0.0,11.802788844619998,0.0,0.0,0.0,0.0,0.0,0.0,0.0,0.0,7.96812749004,0.0,0.0,17.480079681270002,0.0,7.221115537849999,13.645418326689999,0.0
レ・ミゼラブル, 文豪ヴィクトル・ユーゴーの小説を基に、世界各国でロングラン上演されてきたミュージカルを映画化。『英国王のスピーチ』でオスカーを受賞したトム・フーパーが監督を務め、貧しさからパンを盗み19年も投獄された男ジャン・バルジャンの波乱に満ちた生涯を描く。主演は、『X-MEN』シリーズのヒュー・ジャックマン。彼を追う警官にオスカー俳優のラッセル・クロウがふんするほか、『プラダを着た悪魔』のアン・ハサウェイ、『マンマ・ミーア！』のアマンダ・セイフライドら豪華キャストが勢ぞろいする。,4.15,18.02640722724,0.0,0.0,10.924252953439998,0.0,6.031966643500001,0.0,7.574704656010001,0.0,0.0,0.0,0.0,10.840861709519999,0.0,0.0,14.25990271022,0.0,0.0,0.0,0.0
ロイヤルコーギー レックスの大冒険,エリザベス女王の愛犬をモデルにした、やんちゃなコーギーが冒険するアニメ。王室育ちのロイヤルコーギーが、外の世界で試練に直面しながら成長する。『サミーとシェリー2 僕らの脱出大作戦』のヴァンサン・ケステローとベン・スタッセンが監督を務め、同作の音楽を担当したラミン・ジャヴァディが本作にも参加した。脚本は『名探偵シャーロック・ノームズ』でも組んだロブ・スパークリングとジョン・R・スミス。,3.04,0.0,0.0,14.28571428571,0.0,14.28571428571,0.0,0.0,0.0,0.0,0.0,0.0,0.0,0.0,0.0,0.0,0.0,0.0,28.571428571429998,0.0,28.571428571429998
ロボット2.0,インド映画界屈指のスター、ラジニカーントが主演を務めた『ロボット』の続編。無数のスマートフォンから生まれた巨大怪鳥が暴れる中、科学者がロボットのチッティを復活させて戦いに挑む。ラジニカーント出演作『ボス その男シヴァージ』などのシャンカールが前作に続いてメガホンを取る。『パッドマン 5億人の女性を救った男』などのアクシャイ・クマール、『マッスル 踊る稲妻』などのエイミー・ジャクソンらが共演。,3.39,0.0,13.51351351351,14.864864864860001,0.0,0.0,8.10810810811,0.0,0.0,0.0,6.75675675676,0.0,0.0,0.0,0.0,0.0,0.0,0.0,0.0,5.40540540541,12.162162162160001
ワンス・アポン・ア・タイム・イン・ハリウッド,『ジャンゴ 繋がれざる者』のレオナルド・ディカプリオ、『イングロリアス・バスターズ』のブラッド・ピットとクエンティン・タランティーノ監督が再び組んだ話題作。1969年のロサンゼルスを舞台に、ハリウッド黄金時代をタランティーノ監督の視点で描く。マーゴット・ロビー、アル・パチーノ、ダコタ・ファニングらが共演した。,3.73,0.0,12.23948465328,10.42061386889,0.0,0.0,0.0,0.0,0.0,0.0,0.0,5.98711633194,0.0,0.0,0.0,0.0,5.342932929140001,0.0,0.0,12.997347480110001,7.464948844260001
ワンダー 君は太陽,R・J・パラシオの児童小説を、『ウォールフラワー』などのスティーヴン・チョボスキーが映画化。外見からわかる先天性の障害がある少年が、困難に立ち向かう姿を描く。主人公に『ルーム』などのジェイコブ・トレンブレイ、彼を愛情深く支える両親を『エリン・ブロコビッチ』などのジュリア・ロバーツと『ミッドナイト・イン・パリ』などのオーウェン・ウィルソンが演じる。,4.38,22.46998284734,10.46312178388,12.178387650089999,0.0,0.0,0.0,0.0,0.0,0.0,0.0,0.0,0.0,10.54888507719,0.0,0.0,10.20583190395,0.0,12.09262435678,0.0,0.0
七つの会議,「半沢直樹」シリーズなどで知られる作家・池井戸潤の小説を原作にしたミステリードラマ。部下によるパワハラ告発を機に起こる波乱をスリリングに映し出す。メガホンを取るのは、池井戸の原作のドラマ「半沢直樹」「下町ロケット」などの演出を務めた福澤克雄。『のぼうの城』などの狂言師・野村萬斎、歌舞伎役者としても活動している香川照之、『相棒』シリーズの及川光博のほか、片岡愛之助、音尾琢真、立川談春、北大路欣也らが出演。,4.0,0.0,9.209666884389998,8.8177661659,0.0,0.0,0.0,0.0,0.0,0.0,0.0,0.0,0.0,15.088177661660001,11.5610711953,0.0,7.51143043762,0.0,0.0,12.606139777920001,0.0
万引き家族,『誰も知らない』『そして父になる』などの是枝裕和監督による人間ドラマ。親の年金を不正に受給していた家族が逮捕された事件に着想を得たという物語が展開する。キャストには是枝監督と何度も組んできたリリー・フランキー、樹木希林をはじめ、『百円の恋』などの安藤サクラ、『勝手にふるえてろ』などの松岡茉優、オーディションで選出された子役の城桧吏、佐々木みゆらが名を連ねる。,4.08,14.304082288650001,4.59659273545,0.0,16.329154612660002,0.0,0.0,0.0,0.0,0.0,0.0,0.0,0.0,0.0,0.0,9.16104146577,24.59016393443,0.0,4.82160077146,0.0,0.0
三度目の殺人,第66回カンヌ国際映画祭審査員賞受賞作『そして父になる』の福山雅治と是枝裕和監督が再び組んだ法廷サスペンス。死刑が確実視されている殺人犯の弁護を引き受けた弁護士が、犯人と交流するうちに動機に疑念を抱くようになり、真実を知ろうとするさまを描く。弁護士や検事への取材に加え、作品の設定通りに実施した模擬裁判で出てきたリアルな反応や言動などを脚本に反映。福山ふんする主人公が弁護を担当する殺人犯を、役所広司が演じる。,3.51,0.0,0.0,0.0,14.28571428571,0.0,0.0,0.0,0.0,10.46798029557,0.0,14.778325123150001,0.0,0.0,14.778325123150001,9.48275862069,20.07389162562,0.0,0.0,0.0,0.0
不実な女と官能詩人,フランス象徴主義の詩人、ピエール・ルイスの秘めた愛をつづるドラマ。ピエールと彼の親友の妻だった女性との関係を官能的に映し出す。『英雄は嘘がお好き』などのノエミ・メルラン、『汚れたダイヤモンド』などのニールス・シュネデール、『セラヴィ!』などのバンジャマン・ラヴェルネをはじめ、アミラ・カサール、スカリ・デルペラトらが出演。,2.89,0.0,0.0,0.0,0.0,0.0,0.0,0.0,0.0,0.0,0.0,0.0,14.28571428571,0.0,0.0,0.0,0.0,42.857142857140005,14.28571428571,0.0,14.28571428571
不能犯,『戦慄怪奇ファイル』シリーズなどの白石晃士が監督を務め、グランドジャンプ連載のコミックを映画化したサスペンス。何度も変死事件現場で目撃されながらも、誰もその犯行を立証できない主人公が暗躍する姿を活写する。『ツナグ』などの松坂桃李がダークヒーローに挑戦。人の心をいともたやすくコントロールできる謎の男の、善悪を超越した振る舞いに翻弄（ほんろう）される。,3.02,0.0,0.0,0.0,0.0,0.0,0.0,0.0,0.0,10.367454068239999,5.90551181102,22.834645669289998,15.354330708660001,0.0,0.0,9.055118110239999,0.0,0.0,0.0,6.955380577430001,0.0
世界から希望が消えたなら。,幸福の科学の大川隆法が製作総指揮と原案を務めた、死を宣告された男性を描いたドラマ。病に倒れた主人公が、残された時間を全うしようとする。主演を務める竹内久顕が主題歌も担当し、『僕の彼女は魔法使い』などの千眼美子や『希望ヶ丘夫婦戦争』などのさとう珠緒のほか、小倉一郎、大浦龍宇一、河相我聞、田村亮らが共演した。,2.52,21.659919028340003,0.0,0.0,0.0,0.0,0.0,0.0,0.0,11.94331983806,0.0,0.0,0.0,14.77732793522,11.94331983806,0.0,8.90688259109,0.0,0.0,10.93117408907,0.0
二ツ星の料理人,一流の腕を持ちながらトラブルを起こして転落した元二ツ星シェフが、新天地ロンドンで三ツ星獲得を目指して奮闘する人間ドラマ。再起を図るワケありの天才シェフを、『世界にひとつのプレイブック』などのブラッドリー・クーパーが熱演する。共演には『アメリカン・スナイパー』などのシエナ・ミラー、『最強のふたり』などのオマール・シー、『ラッシュ/プライドと友情』などのダニエル・ブリュールら実力派が集結。『8月の家族たち』などのジョン・ウェルズがメガホンを取る。,3.46,0.0,0.0,14.077669902910001,0.0,0.0,0.0,8.73786407767,5.33980582524,0.0,0.0,0.0,0.0,0.0,6.3106796116499995,0.0,9.22330097087,0.0,0.0,17.47572815534,0.0
人間失格　太宰治と3人の女たち,「走れメロス」「斜陽」などで知られる作家・太宰治の「人間失格」誕生に迫るドラマ。写真家で『ヘルタースケルター』などの監督を務めた蜷川実花がメガホンを取り、酒と女に溺れながらも圧倒的な魅力を持つ男の生涯と、太宰をめぐる正妻と2人の愛人との恋模様を描く。太宰には小栗旬がふんし、役作りのため大幅な減量を行った。太宰の正妻を宮沢りえ、愛人を沢尻エリカと二階堂ふみが演じる。,3.07,0.0,0.0,0.0,0.0,0.0,0.0,6.67903525046,9.647495361779999,0.0,0.0,0.0,0.0,0.0,5.93692022263,7.792207792210001,10.018552875700001,14.28571428571,0.0,0.0,0.0
人魚の眠る家,数々の著書が映像化されてきた作家・東野圭吾の小説を原作にしたミステリー。事故で重体に陥った少女の両親が過酷な選択を強いられる。メガホンを取るのは『トリック』シリーズなどの堤幸彦。『アンフェア』シリーズなどの篠原涼子が主演を務め、『MOZU』シリーズなどの西島秀俊らが共演する。脚本を、NHKの連続テレビ小説「まれ」やドラマシリーズ「犯罪症候群」などの篠崎絵里子が担当する。,3.87,23.92966360856,0.0,0.0,19.57186544343,0.0,0.0,0.0,0.0,0.0,0.0,8.40978593272,5.88685015291,0.0,0.0,7.56880733945,20.71865443425,0.0,0.0,0.0,0.0
何者,『桐島、部活やめるってよ』の原作者である朝井リョウの直木賞受賞作を、演劇ユニット「ポツドール」を主宰する『愛の渦』などの三浦大輔が映画化。就職活動対策のため集まった5人の大学生が、SNSや面接で発する言葉の奥に見え隠れする本音や自意識によって彼らの関係性が変わっていくさまを描く。就職活動を通じて自分が何者かを模索する学生たちには佐藤健、有村架純、二階堂ふみ、菅田将暉、岡田将生といった面々がそろい、リアルな就活バトルを繰り広げる。,2.88,0.0,0.0,0.0,8.58983536149,0.0,0.0,0.0,0.0,0.0,0.0,12.16893342878,10.0214745884,0.0,11.02362204724,8.37508947745,20.1861130995,0.0,0.0,0.0,0.0
僕のワンダフル・ライフ,W・ブルース・キャメロンのベストセラー小説を、『HACHI 約束の犬』などのラッセ・ハルストレム監督が映像化したドラマ。少年に命を救われたゴールデンレトリバーが、転生を繰り返しながら自分の使命に気付く物語が描かれる。主人公の犬の声を『美女と野獣』などのジョシュ・ギャッドが担当し、若き日の飼い主をK・J・アパが好演。共演は、ブリット・ロバートソン、ジョン・オーティス、デニス・クエイドら。,4.22,18.76899696049,10.37234042553,12.12006079027,0.0,9.23252279635,0.0,0.0,0.0,0.0,0.0,0.0,0.0,0.0,0.0,0.0,10.10638297872,0.0,16.41337386018,0.0,0.0
億男,『世界から猫が消えたなら』の原作者でプロデューサーとしても活動している川村元気の著書を、『ハゲタカ』シリーズなどの大友啓史監督が映画化。宝くじで3億円を当てた男が、真の幸せを探し求める姿を描く。主演は『るろうに剣心』シリーズで大友監督と組んだ佐藤健、主人公の親友に高橋一生がふんする。そのほか、藤原竜也、北村一輝、沢尻エリカ、池田エライザらが出演。,3.37,9.89505247376,7.49625187406,0.0,0.0,0.0,0.0,5.8470764617699995,0.0,7.34632683658,0.0,0.0,0.0,0.0,11.694152923539999,0.0,17.091454272860002,0.0,0.0,0.0,0.0
八日目の蝉, 誘拐犯の女と誘拐された少女との逃亡劇と、その後の二人の運命を描いた、角田光代原作のベストセラー小説を映画化したヒューマン・サスペンス。監督は、『孤高のメス』など社会派エンターテインメント作品で定評のある成島出。誘拐された少女の大学生時代を井上真央が演じ、愛人の娘を誘拐する女性に永作博美がふんするほか、小池栄子や森口瑤子、田中哲司など実力派俳優が勢ぞろいする。（タイトルの「蝉」は、「虫」に「單」が正式表記）,3.91,28.16237767307,0.0,0.0,21.34831460674,0.0,0.0,0.0,0.0,0.0,0.0,0.0,0.0,0.0,1.92098586444,5.8354476259500005,28.851032982959996,0.0,4.82058716926,0.0,0.0
冴えない彼女の育てかた Fine,丸戸史明(原作)と深崎暮人(イラスト)のライトノベルシリーズを原作にしたアニメの劇場版。主人公が運命を感じた美少女をヒロインにした同人ゲームの制作に挑む。監督はアニメ「毎日かあさん」「PERSONA5 the Animation」などに携ってきた柴田彰久。ボイスキャストは安芸倫也役の松岡禎丞をはじめ、安野希世乃、大西沙織、茅野愛衣らアニメシリーズの面々が続投した。,4.54,14.05529953917,16.12903225806,15.43778801843,0.0,0.0,0.0,0.0,7.834101382489999,0.0,0.0,0.0,0.0,0.0,0.0,0.0,8.75576036866,0.0,17.51152073733,0.0,0.0
冷たい熱帯魚, 上映時間約4時間の『愛のむきだし』などで話題となった鬼才、園子温監督による人間の狂気と愛を描いた作品。実際の猟奇殺人事件に触発された園監督が、猟奇殺人事件に巻き込まれることになる男性が味わう深い心の闇に迫る。主演は、『掌の小説』など数々の邦画に出演しているベテランの吹越満。共演者も『嫌われ松子の一生』の黒沢あすかや『月と嘘と殺人』のでんでんら実力派ぞろい。第67回ヴェネチア国際映画祭オリゾンティ部門正式出品の問題作に、震撼（しんかん）させられる。,3.5,0.0,7.202680067,0.0,0.0,0.0,0.0,0.0,0.0,0.0,6.70016750419,17.9229480737,18.70463428252,0.0,0.0,17.420435510889998,0.0,6.70016750419,0.0,0.0,0.0
劇場版シティーハンター 〈新宿プライベート・アイズ〉,裏社会屈指の始末屋と相棒たちの活躍を描いた北条司のコミックを原作に、アニメ化、実写映画化もされた「シティーハンター」の劇場版。神谷明、伊倉一恵をはじめオリジナルキャストが再結集し、現代の新宿を舞台に新たな戦いが繰り広げられる。新たに山寺宏一と大塚芳忠が加わり、女優・飯豊まりえとチュートリアルの徳井義実がゲスト声優として参加する。,4.35,0.0,14.91461100569,16.28083491461,0.0,0.0,0.0,0.0,0.0,0.0,0.0,0.0,0.0,7.552182163189999,0.0,0.0,0.0,7.17267552182,0.0,17.722960151800002,11.081593927890001
名探偵ピカチュウ,『ポケットモンスター』シリーズ初の実写作品となるアクションアドベンチャー。かつてポケモン好きだった青年が、父親を捜すために名探偵ピカチュウとコンビを組む。名探偵ピカチュウの声を『デッドプール』シリーズなどのライアン・レイノルズが担当するほか、ジャスティス・スミス、キャスリン・ニュートン、渡辺謙らが出演。監督を『ガリバー旅行記』などのロブ・レターマンが務める。,3.89,0.0,12.36943375481,16.712479384279998,0.0,12.20450797141,0.0,0.0,0.0,0.0,0.0,0.0,0.0,6.15722924684,0.0,0.0,0.0,0.0,18.69158878505,0.0,9.125893347989999
君の膵臓をたべたい,住野よるの小説を映画化。膵臓（すいぞう）の病を患う高校生と同級生の“僕”の交流を、現在と過去の時間軸を交差させて描く。『エイプリルフールズ』などの浜辺美波と『あやしい彼女』などの北村匠海が主演を務め、現在の僕を小栗旬、ヒロインの親友を北川景子が演じる。監督は『黒崎くんの言いなりになんてならない』などの月川翔、脚本は『アオハライド』などの吉田智子が担当。,4.03,25.091671031950003,0.0,3.45730749083,12.80775275013,0.0,0.0,0.0,7.56940806705,0.0,0.0,0.0,0.0,0.0,0.0,0.0,21.32006286014,0.0,13.64588789942,0.0,0.0
夜明けの街で, 不倫を忌み嫌っていたはずの中年サラリーマンがふとしたことから派遣社員と恋に落ち、やがて相手から思いも寄らぬ秘密を打ち明けられ、情愛と現実のはざまで関係がねじれていく姿を描くラブストーリー。累計120万部を突破した東野圭吾のベストセラー小説を原作に、『沈まぬ太陽』の若松節朗監督が恋愛地獄に落ちた男の苦悩をドラマチックに描出。不倫にとらわれる主人公を岸谷五朗が演じるほか、その相手役の深田恭子ら演技派キャストの好演も見逃せない。,2.58,0.0,0.0,0.0,8.823529411760001,0.0,0.0,0.0,10.29411764706,0.0,0.0,0.0,12.5,0.0,0.0,0.0,18.75,8.45588235294,7.720588235289999,0.0,0.0
天気の子,『秒速5センチメートル』などの新海誠監督が、『君の名は。』以来およそ3年ぶりに発表したアニメーション。天候のバランスが次第に崩れていく現代を舞台に、自らの生き方を選択する少年と少女を映し出す。ボイスキャストは、舞台「『弱虫ペダル』新インターハイ篇」シリーズなどの醍醐虎汰朗とドラマ「イアリー 見えない顔」などの森七菜ら。キャラクターデザインを、『君の名は。』などの田中将賀が担当した。,3.73,11.4508730989,0.0,7.8377725919399985,0.0,16.584855556449998,0.0,0.0,7.821678603039999,10.02655508168,0.0,0.0,0.0,0.0,0.0,0.0,8.41715619216,0.0,0.0,0.0,0.0
宮本から君へ,熱血営業マンが悪戦苦闘しながら成長する姿を描いた新井英樹の漫画を、実写ドラマ化に続き映画化。原作の後半を基に、主人公とヒロインに訪れる試練を映し出す。ドラマ版に続いて主演の池松壮亮をはじめ、蒼井優、柄本時生、星田英利、古舘寛治、松山ケンイチが出演し、ドラマ版の監督を務めた真利子哲也が続投。映画版キャストには井浦新、ピエール瀧、佐藤二朗、さらに元格闘家の一ノ瀬ワタルが新たに参加する。,3.73,12.96928327645,11.26279863481,0.0,0.0,0.0,0.0,0.0,0.0,0.0,0.0,0.0,0.0,12.96928327645,0.0,6.1433447099,9.556313993169999,0.0,0.0,10.92150170648,0.0
容疑者Xの献身, テレビドラマ化されるや大人気を博したミステリー作家・東野圭吾の「探偵ガリレオ」シリーズ初の長編で、第134回直木賞に輝いた同名小説を映画化。主人公のガリレオこと湯川を演じた福山雅治、彼とコンビを組む新人刑事役の柴咲コウをはじめ、テレビドラマ版のスタッフ・キャストが集結。湯川と壮絶な頭脳戦を繰り広げる天才数学者に『クライマーズ・ハイ』の堤真一、物語の鍵を握る容疑者役を『フラガール』の松雪泰子が演じ、一筋縄ではいかないドラマを盛り上げる。,4.2,19.696744462610003,0.0,0.0,15.96551211536,0.0,0.0,0.0,0.0,0.0,0.0,0.0,0.0,0.0,15.99524305039,4.35558198305,24.14151925078,0.0,0.0,6.273227293,0.0
彼女がその名を知らない鳥たち,「九月が永遠に続けば」「ユリゴコロ」などの沼田まほかるの人気小説を実写映画化。同居する相手の稼ぎに依存しながらも彼を嫌い、家庭のある別の男性とも関係を持つ身勝手な女と、彼女に執着するさえない中年男の関係を軸に、究極の愛とは何かを問い掛ける。メガホンを取るのは、『凶悪』などの白石和彌。クセの強い二人を、『アズミ・ハルコは行方不明』などの蒼井優と『殿、利息でござる！』などの阿部サダヲが演じる。,4.01,14.69613259669,0.0,0.0,15.58011049724,0.0,0.0,0.0,0.0,0.0,0.0,8.618784530389998,0.0,0.0,0.0,10.38674033149,19.66850828729,7.40331491713,0.0,0.0,0.0
怒り,『横道世之介』『さよなら渓谷』などの原作者・吉田修一のミステリー小説を、『悪人』でタッグを組んだ李相日監督が映画化。現場に「怒」という血文字が残った未解決殺人事件から1年後の千葉、東京、沖縄を舞台に三つのストーリーが紡がれる群像劇で、前歴不詳の3人の男と出会った人々がその正体をめぐり、疑念と信頼のはざまで揺れる様子を描く。出演には渡辺謙、森山未來、松山ケンイチ、綾野剛、宮崎あおい、妻夫木聡など日本映画界を代表する豪華キャストが集結。,4.0,14.55085374907,0.0,0.0,17.66889383816,0.0,0.0,0.0,0.0,0.0,0.0,11.25958921059,11.35857461024,0.0,0.0,13.560999752539999,19.27740658253,0.0,0.0,0.0,0.0
恋は雨上がりのように,眉月じゅんのベストセラーコミックを原作にしたラブストーリー。ファミレスの店長の男と、彼に心を奪われた女子高校生が織り成す恋模様をつづる。メガホンを取るのは『世界から猫が消えたなら』『帝一の國』などの永井聡。『渇き。』『溺れるナイフ』などの小松菜奈、『探偵はBARにいる』シリーズや『アイアムアヒーロー』などの大泉洋が主演を務める。28歳という年齢の差がありながらも心を通わせていく主人公たちの姿を繊細に描く。,4.21,10.134128166919998,15.797317436660002,13.859910581220003,0.0,0.0,0.0,0.0,8.345752608049999,0.0,0.0,0.0,0.0,0.0,0.0,0.0,15.35022354694,0.0,14.40635866865,0.0,0.0
悪の法則, マイケル・ファスベンダーにブラッド・ピット、ペネロペ・クルスにキャメロン・ディアスにハビエル・バルデムという豪華スターが共演した心理サスペンス。欲望に駆られて裏社会のビジネスに手を出した弁護士とその仲間たちが、危険なわなにハマり否応なく堕（お）ちて行く姿を描き出す。メガホンを取るのは『ブラックホーク・ダウン』などの巨匠リドリー・スコット。セレブリティーたちを破滅へと追い込む謎の黒幕の存在はもとより、予想だにしないラストに驚がくする。,2.92,0.0,0.0,0.0,5.49558390579,0.0,0.0,0.0,0.0,0.0,0.0,13.640824337589999,17.860647693820003,0.0,6.476938174680001,23.35623159961,0.0,9.813542688910001,0.0,0.0,0.0
愛がなんだ,『八日目の蝉』『紙の月』などの原作で知られる直木賞作家・角田光代の恋愛小説を映画化。好きになってくれない相手をいちずに追う女性の恋模様を描く。ヒロインに『おじいちゃん、死んじゃったって。』などの岸井ゆきの、彼女を翻弄(ほんろう)する男性を『ニワトリ★スター』などの成田凌が演じる。『パンとバスと2度目のハツコイ』などの今泉力哉がメガホンを取った。,3.47,7.38916256158,8.37438423645,7.88177339901,7.38916256158,0.0,0.0,0.0,0.0,0.0,0.0,0.0,0.0,0.0,0.0,0.0,22.66009852217,0.0,13.793103448279998,0.0,0.0
明日に向って撃て！,　19世紀末の西部史に名高い、二人組の強盗ブッチとサンダンスの逃避行を、哀愁とユーモアをこめて描く。列車強盗としてならしたブッチとサンダンス。しかし、近代化に向かう時代に、彼らの生き方はあまりにも旧弊だった。新たな夢を求めて、二人は南米ボリビアへと旅立つが……。,4.23,0.0,8.36653386454,11.420982735720001,0.0,0.0,0.0,0.0,0.0,0.0,0.0,0.0,0.0,10.35856573705,0.0,0.0,11.55378486056,0.0,0.0,19.1235059761,7.0385126162
最初の晩餐,染谷将太、戸田恵梨香、窪塚洋介、斉藤由貴、永瀬正敏らが出演したヒューマンドラマ。父の通夜に集まった家族が、父がノートに残した料理を食べながら父との時間を思い返す。メガホンを取るのは、本作が長編デビューとなる常盤司郎。共演は『地獄少女』の森七菜と楽駆をはじめ、山本浩司、小野塚勇人、奥野瑛太、諏訪太朗ら。,4.09,18.518518518520004,0.0,0.0,7.407407407410001,0.0,0.0,0.0,0.0,0.0,0.0,0.0,0.0,0.0,7.407407407410001,0.0,25.92592592593,0.0,7.407407407410001,5.55555555556,0.0
最高の人生の見つけ方, ジャック・ニコルソンとモーガン・フリーマン主演で描く、死を意識した初老男性2人の希望に満ちた余生を描く人間讃歌。病室で知り合った2人が意気投合し、“やりたいことリスト”に基づき、残りの人生を生き生きと駆け抜ける。感動ストーリーをさわやかなユーモアで描き切ったのは、『スタンド・バイ・ミー』の名匠ロブ・ライナー。いぶし銀の演技を見せる2人の名優の友情とすがすがしい笑顔に、思わずほろっとさせられる。,4.03,19.4,14.6,13.8,0.0,0.0,0.0,0.0,0.0,0.0,0.0,0.0,0.0,0.0,0.0,0.0,11.8,0.0,5.8,0.0,7.8
最高の人生の見つけ方, ジャック・ニコルソンとモーガン・フリーマン主演で描く、死を意識した初老男性2人の希望に満ちた余生を描く人間讃歌。病室で知り合った2人が意気投合し、“やりたいことリスト”に基づき、残りの人生を生き生きと駆け抜ける。感動ストーリーをさわやかなユーモアで描き切ったのは、『スタンド・バイ・ミー』の名匠ロブ・ライナー。いぶし銀の演技を見せる2人の名優の友情とすがすがしい笑顔に、思わずほろっとさせられる。,4.03,16.915297092289997,14.71554993679,13.4007585335,0.0,0.0,0.0,0.0,0.0,0.0,0.0,0.0,0.0,0.0,0.0,0.0,11.98482932996,0.0,0.0,5.96713021492,7.71175726928
楽園,『悪人』『怒り』などの原作者・吉田修一の短編集「犯罪小説集」の一部を、『64-ロクヨン-』シリーズなどの瀬々敬久監督が映画化。ある村で起こった幼女誘拐事件、少女行方不明事件、養蜂家にまつわる事件を通して、人々の喪失と再生の物語が描かれる。少女行方不明事件の犯人だと疑われる主人公を演じる綾野剛をはじめ、NHKの連続テレビ小説「とと姉ちゃん」などの杉咲花や『64-ロクヨン-』シリーズで主人公を演じた佐藤浩市らが共演する。,3.21,8.35322195704,0.0,0.0,18.377088305490002,0.0,0.0,0.0,0.0,0.0,0.0,12.887828162289999,10.02386634845,0.0,0.0,19.09307875895,19.57040572792,0.0,0.0,0.0,0.0
死刑台のエレベーター, 欲望の果てに運命を狂わせていくカップルの行く末を、洗練されたタッチで描いたクライム・サスペンス。ヌーベルバーグの巨匠ルイ・マルが25歳の若さで手掛けた監督デビュー作で、その斬新な演出は当時の映画界に衝撃を与えた。主演は、フランス映画界を代表するジャンヌ・モローとモーリス・ロネ。モダンジャズの帝王マイルス・デイヴィスによる即興演奏や、スタイリッシュなモノクロの映像美など、今も色あせない魅力を放つ名作をニュープリントで堪能したい。,3.78,0.0,0.0,0.0,9.94475138122,0.0,0.0,0.0,11.04972375691,0.0,0.0,0.0,0.0,0.0,9.94475138122,12.1546961326,13.81215469613,0.0,0.0,12.1546961326,0.0
永遠の門　ゴッホの見た未来,『潜水服は蝶の夢を見る』などのジュリアン・シュナーベル監督が、画家フィンセント・ファン・ゴッホの人生を描く伝記ドラマ。ゴッホを『フロリダ・プロジェクト 真夏の魔法』などのウィレム・デフォーが演じ、第75回ベネチア国際映画祭最優秀男優賞を受賞。『インサイド・ルーウィン・デイヴィス 名もなき男の歌』などのオスカー・アイザックのほか、『偽りなき者』などのマッツ・ミケルセン、監督としても活動しているマチュー・アマルリックらが共演する。,3.52,5.55555555556,0.0,0.0,8.333333333330001,0.0,5.55555555556,0.0,0.0,5.55555555556,0.0,0.0,0.0,0.0,25.0,0.0,33.333333333329996,0.0,0.0,0.0,0.0
海よりもまだ深く,『海街diary』などの是枝裕和監督が、『奇跡』以来の阿部寛と樹木希林とのタッグで、なかなか大人になれない男の姿を描く感動のホームドラマ。小説家になる夢を諦め切れないまま探偵事務所で働く男が、たまたま実家に集まった母、元妻、息子と台風の一夜を過ごすさまを映す。阿部と樹木のほか真木よう子や小林聡美、リリー・フランキーらが共演。思っていた未来とは少し違う現実を生きる家族の姿が印象的につづられる。,3.85,13.75515818432,20.08253094911,7.70288858322,5.22696011004,0.0,0.0,0.0,0.0,0.0,0.0,0.0,0.0,0.0,0.0,0.0,25.99724896836,0.0,0.0,0.0,12.1045392022
真実,『万引き家族』などの是枝裕和監督が、初の国際共同製作映画として『しあわせの雨傘』などのカトリーヌ・ドヌーヴを主演に迎えて撮り上げた家族ドラマ。国民的女優の自伝本の出版を祝うために家族が集まった場で、母と娘の隠された真実が露わになる。ドヌーヴ演じる大女優の娘を『イングリッシュ・ペイシェント』などのジュリエット・ビノシュが演じるほか、イーサン・ホーク、リュディヴィーヌ・サニエらが共演する。,3.43,0.0,7.3394495412800005,8.71559633028,0.0,0.0,0.0,0.0,0.0,0.0,0.0,0.0,0.0,0.0,13.761467889910001,0.0,16.97247706422,0.0,9.17431192661,0.0,10.5504587156
空の青さを知る人よ,『あの日見た花の名前を僕達はまだ知らない。』『心が叫びたがってるんだ。』シリーズで知られるクリエイターチーム「超平和バスターズ」が再び結集したアニメ。ミュージシャンを夢見る女子高生、亡き両親の代わりに彼女を育てる姉、売れないギタリスト、過去から時間を超えてきた男子が織り成す不思議な四角関係を描く。声の出演には吉沢亮、吉岡里帆、若山詩音がオーディションで選出され、松平健も参加している。,4.02,15.068493150679998,7.07762557078,9.01826484018,0.0,13.12785388128,0.0,0.0,0.0,0.0,0.0,0.0,0.0,0.0,0.0,0.0,14.726027397260001,0.0,8.44748858447,0.0,0.0
紙の月,銀行勤めの平凡な主婦が引き起こした大金横領事件のてん末を描いた、『八日目の蝉』の原作などで知られる直木賞作家・角田光代の長編小説を映画化。まっとうな人生を歩んでいた主婦が若い男性との出会いをきっかけに運命を狂わせ、矛盾と葛藤を抱えながら犯罪に手を染めていく。監督は、『桐島、部活やめるってよ』などの吉田大八。年下の恋人との快楽におぼれ転落していくヒロインの心の闇を、宮沢りえが体現する。,4.0,0.0,0.0,0.0,12.80310378274,0.0,0.0,0.0,0.0,0.0,0.0,5.52861299709,0.0,0.0,5.62560620757,14.45198836081,22.98739088264,9.020368574199999,0.0,0.0,0.0
羊の木,山上たつひこといがらしみきおによる、第18回文化庁メディア芸術祭優秀賞（マンガ部門）に輝いた問題作を、アレンジを加え実写映画化。殺人歴のある元受刑者の移住を受け入れた町を舞台に、移住者の素性を知らされていない町の人々の日常がゆがんでいくさまを描く。『桐島、部活やめるってよ』などの吉田大八監督がメガホンを取る。お人よしな市役所職員を錦戸亮、彼の同級生を木村文乃が演じるほか、元受刑者役で北村一輝、優香、松田龍平らが出演する。,3.32,0.0,0.0,0.0,5.473098330240001,0.0,0.0,0.0,0.0,10.482374768089999,0.0,25.602968460110002,15.95547309833,0.0,0.0,5.473098330240001,11.22448979592,0.0,0.0,0.0,0.0
翔んで埼玉,人気コミック「パタリロ!」の作者である魔夜峰央の人気漫画を実写映画化。埼玉県民が東京都民から虐げられている架空の世界を舞台に、東京都知事の息子と埼玉出身の転校生の県境を超えたラブストーリーが展開する。『ヒミズ』『私の男』などの二階堂ふみと『カーラヌカン』で主要人物を演じたミュージシャンのGACKTが主演を務める。『テルマエ・ロマエ』シリーズなどの武内英樹がメガホンを取った。,4.18,0.0,22.313117066289998,17.48942172073,0.0,7.644569816639999,0.0,8.29337094499,0.0,0.0,0.0,0.0,0.0,0.0,0.0,0.0,0.0,0.0,0.0,5.16220028209,14.273624823699999
若草物語,　名作「若草物語」を映画化。戦地に赴いた父が不在のマーチ家で、母のもとで暮らす四人の姉妹。物語は彼女達のときめき、戸惑い、夢に生きる毎日、そしてやがてそれぞれの人生に翻弄されてゆく姿を、叙情的に、かつ新鮮に描いてゆく。,3.58,10.84337349398,0.0,14.457831325299999,8.43373493976,0.0,0.0,0.0,12.04819277108,0.0,0.0,0.0,0.0,0.0,0.0,0.0,10.84337349398,0.0,15.662650602410002,0.0,0.0
荒野の処刑,　無法者に牛耳られた西部の町で、市民たちが彼らの支配から逃れるために虐殺を開始する。牢にいたギャンブラー、売春婦、黒人の墓堀り人夫、アル中の四人は殺す価値もないクズとして粗末な馬車を与えられ町を追放される。別の町を目指して旅をする四人は一人のハンターと出会い一行に加えるが、その男は次第に掠奪者の本性を現し、彼らから全てを奪って去る。一人、また一人と仲間を失い、残されたギャンブラーは復讐を誓うのだった……。,2.38,0.0,0.0,0.0,14.28571428571,0.0,0.0,0.0,0.0,0.0,0.0,14.28571428571,28.571428571429998,0.0,0.0,14.28571428571,0.0,14.28571428571,0.0,0.0,0.0
蜜蜂と遠雷,直木賞と本屋大賞をダブル受賞した恩田陸の小説を実写映画化。若手ピアニストの登竜門とされる国際ピアノコンクールを舞台に、4人のピアニストたちの葛藤と成長を描く。キャストには『勝手にふるえてろ』などの松岡茉優、『娼年』などの松坂桃李、『レディ・プレイヤー1』などの森崎ウィン、オーディションで抜てきされた鈴鹿央士らが集結。『愚行録』などの石川慶がメガホンを取った。,3.56,12.184249628529999,0.0,9.658246656760001,0.0,0.0,0.0,0.0,6.983655274889999,0.0,0.0,0.0,0.0,0.0,14.858841010399999,0.0,13.67013372957,0.0,0.0,11.589895988110001,0.0
蝉しぐれ, 藤沢周平作の長編時代小説を市川染五郎主演で映画化した時代劇映画。監督は『英二』の黒土三男が担当し、主人公が想いを寄せ続ける女性のふく役には木村佳乃がふんする。イメージソングは完成した映像を見て感銘を受けた一青窈が手がけた「かざぐるま」。日本各地でロケを敢行し、収められた美しい自然の数々が、物語をさらにドラマチックに盛り立てている。,3.46,21.951219512199998,0.0,0.0,10.29810298103,0.0,0.0,0.0,10.027100271,0.0,0.0,0.0,0.0,10.56910569106,0.0,0.0,31.978319783200003,0.0,0.0,7.85907859079,0.0
見えない目撃者,韓国映画『ブラインド』を、『音量を上げろタコ!なに歌ってんのか全然わかんねぇんだよ!!』などの吉岡里帆主演でリメイクしたサスペンス。視力を失った主人公が誘拐事件の解決に挑む。メガホンを取るのは『重力ピエロ』や『リトル・フォレスト』シリーズなどの森淳一。脚本を『るろうに剣心』シリーズや『ミュージアム』などの藤井清美が森監督と共同で担当する。,3.9,0.0,0.0,0.0,0.0,0.0,0.0,0.0,0.0,0.0,8.87573964497,15.08875739645,18.9349112426,13.214990138069998,0.0,8.38264299803,0.0,0.0,0.0,6.31163708087,0.0
記憶にございません！,『ザ・マジックアワー』などの三谷幸喜がメガホンを取った政界コメディー。国民から全く支持されていない総理大臣が記憶喪失になったことから起こる騒動を描く。主人公の総理大臣を、三谷監督作『ステキな金縛り』などに出演してきた中井貴一。『海を駆ける』などのディーン・フジオカ、『マチネの終わりに』などの石田ゆり子、『体操しようよ』などの草刈正雄、『64-ロクヨン-』シリーズなどの佐藤浩市らが出演する。,3.85,5.310573731630001,26.979611190139998,22.66477003319,0.0,0.0,0.0,0.0,0.0,0.0,0.0,0.0,0.0,0.0,0.0,0.0,0.0,0.0,3.1768610716000003,4.31484115695,19.39307728781
誘拐,　渡哲也と永瀬正敏が主演のサスペンス・ミステリー。東昭物産の常務が誘拐された。犯人グループは身代金3億円に加え、身代金受け渡しのテレビ中継を要求してきた。犯人に指名された運び人は3億円入りのカバンを抱え、命じられるままに東京中を走り回った末に倒れてしまう。テレビクルーを装った津波警部(渡)が後を引き継ぐが、彼も力尽き、藤刑事(永瀬)が引き継ぐが……。街中での大規模なロケーション撮影を敢行している。,3.63,9.090909090910001,0.0,0.0,15.584415584420002,0.0,0.0,0.0,0.0,0.0,0.0,0.0,0.0,10.38961038961,11.688311688310002,0.0,15.584415584420002,0.0,0.0,10.38961038961,0.0
貞子,鈴木光司のベストセラー小説「リング」シリーズの一つ「タイド」を原作にしたホラー。記憶を失ってしまった少女と向き合う心理カウンセラーの女性が怪現象に見舞われる。メガホンを取るのは、『リング』シリーズや『スマホを落としただけなのに』などの中田秀夫。『映画 みんな!エスパーだよ!』『一礼して、キス』などの池田エライザがヒロインを演じる。,2.1,0.0,9.90712074303,0.0,7.12074303406,0.0,0.0,0.0,0.0,0.0,0.0,18.26625386997,17.64705882353,0.0,0.0,8.97832817337,0.0,0.0,8.049535603719999,0.0,0.0
追憶,『駅 STATION』『鉄道員（ぽっぽや）』などの降旗康男監督と撮影の木村大作がタッグを組み、『永遠の0』などの岡田准一が主演を務めたミステリードラマ。主人公の刑事が殺害現場で遺体となった幼なじみと対面し、共通の旧友が容疑者として浮上、事件の真相と3人の男の封印された過去が次第に明かされる。主人公の旧友に小栗旬と柄本佑、ほかに長澤まさみ、木村文乃らが共演。友人の死をめぐって現在と過去が交錯する展開と重厚なドラマが堪能できる。,3.58,23.479490806220003,0.0,0.0,19.660537482320002,0.0,0.0,0.0,0.0,0.0,0.0,0.0,0.0,0.0,2.828854314,4.8090523337999995,35.21923620934,0.0,0.0,3.6775106082,0.0
銀河英雄伝説　Die Neue These　星乱　第二章,田中芳樹の小説シリーズを原作にしたアニメの続編として、劇場で上映されるセカンドシーズンの第二章。アニメの第17話から第20話を基に、激化する銀河帝国と自由惑星同盟の対決などが描かれる。監督の多田俊介をはじめとするスタッフ、ラインハルト・フォン・ローエングラム役の宮野真守やヤン・ウェンリー役の鈴村健一といったボイスキャストは、第一章から続投。,4.44,12.77777777778,0.0,0.0,8.88888888889,0.0,13.88888888889,0.0,0.0,0.0,0.0,0.0,0.0,0.0,12.22222222222,0.0,13.33333333333,0.0,0.0,16.66666666667,0.0
閉鎖病棟―それぞれの朝―,精神科医でもある作家・帚木蓬生の、山本周五郎賞に輝いた小説を映画化。精神科病院で起きた殺人事件をきっかけに、患者たちの思いが交錯する。『ディア・ドクター』『おとうと』などの笑福亭鶴瓶が主演を務め、『日本で一番悪い奴ら』などの綾野剛、『さよならくちびる』などの小松菜奈らが共演。『愛を乞うひと』などの平山秀幸監督が原作にほれ込み、自ら脚本を務めた。,3.56,20.98360655738,0.0,0.0,18.3606557377,0.0,0.0,0.0,0.0,0.0,0.0,3.9344262295099997,5.24590163934,0.0,0.0,10.49180327869,23.60655737705,0.0,0.0,0.0,0.0
駅までの道をおしえて,『臍帯』などの橋本直樹が監督を務め、伊集院静の小説を映画化。互いにかけがえのない相手を失った少女と老人の物語が描かれる。少女を『3月のライオン』シリーズなどの新津ちせ、彼女の良き友人となる老人を『沈黙 -サイレンス-』などの笈田ヨシが演じ、『コーヒーが冷めないうちに』などの有村架純が10年後の少女にふんしてモノローグを担当した。主題歌は『この世界の片隅に』などの音楽家コトリンゴ。,3.52,21.428571428570002,7.1428571428600005,0.0,7.1428571428600005,10.71428571429,0.0,0.0,0.0,0.0,0.0,0.0,0.0,0.0,0.0,0.0,17.85714285714,0.0,20.238095238099998,0.0,0.0
